"industry";"cartel";"start";"end";"duration";"startyear";"endyear";"duration_year";"n_firms"
1;1;1;1000;1000;1;84;84;2
2;1;1;1000;1000;1;84;84;2
3;1;1;1000;1000;1;84;84;2
4;1;1;1000;1000;1;84;84;2
5;1;1;1000;1000;1;84;84;2
6;1;1;1000;1000;1;84;84;2
7;1;1;1000;1000;1;84;84;2
8;1;1;1000;1000;1;84;84;2
9;1;1;1000;1000;1;84;84;2
10;1;1;1000;1000;1;84;84;2
11;1;1;1000;1000;1;84;84;2
12;1;1;1000;1000;1;84;84;2
13;1;1;1000;1000;1;84;84;2
14;1;1;1000;1000;1;84;84;2
15;1;1;1000;1000;1;84;84;2
16;1;1;1000;1000;1;84;84;2
17;1;1;1000;1000;1;84;84;2
18;1;1;1000;1000;1;84;84;2
19;1;1;1000;1000;1;84;84;2
20;1;1;1000;1000;1;84;84;2
21;1;1;1000;1000;1;84;84;2
22;1;1;1000;1000;1;84;84;2
23;1;1;1000;1000;1;84;84;2
24;1;1;1000;1000;1;84;84;2
25;1;1;1000;1000;1;84;84;2
26;1;1;1000;1000;1;84;84;2
27;1;1;1000;1000;1;84;84;2
28;1;1;1000;1000;1;84;84;2
29;1;1;1000;1000;1;84;84;2
30;1;1;1000;1000;1;84;84;2
31;1;1;1000;1000;1;84;84;2
32;1;1;1000;1000;1;84;84;2
33;1;1;1000;1000;1;84;84;2
34;1;1;1000;1000;1;84;84;2
35;1;1;1000;1000;1;84;84;2
36;1;1;1000;1000;1;84;84;2
37;1;1;1000;1000;1;84;84;2
38;1;1;1000;1000;1;84;84;2
39;1;1;1000;1000;1;84;84;2
40;1;1;1000;1000;1;84;84;2
41;1;1;1000;1000;1;84;84;2
42;1;1;1000;1000;1;84;84;2
43;1;1;1000;1000;1;84;84;2
44;1;1;1000;1000;1;84;84;2
45;1;1;1000;1000;1;84;84;2
46;1;1;1000;1000;1;84;84;2
47;1;1;1000;1000;1;84;84;2
48;1;1;1000;1000;1;84;84;2
49;1;1;1000;1000;1;84;84;2
50;1;1;1000;1000;1;84;84;2
51;1;1;1000;1000;1;84;84;2
52;1;1;1000;1000;1;84;84;2
53;1;1;1000;1000;1;84;84;2
54;1;1;1000;1000;1;84;84;2
55;1;1;1000;1000;1;84;84;2
56;1;1;1000;1000;1;84;84;2
57;1;1;1000;1000;1;84;84;2
58;1;1;1000;1000;1;84;84;2
59;1;1;1000;1000;1;84;84;2
60;1;1;1000;1000;1;84;84;2
61;1;1;1000;1000;1;84;84;2
62;1;1;1000;1000;1;84;84;2
63;1;1;1000;1000;1;84;84;2
64;1;1;1000;1000;1;84;84;2
65;1;1;1000;1000;1;84;84;2
66;1;1;1000;1000;1;84;84;2
67;1;1;1000;1000;1;84;84;2
68;1;1;1000;1000;1;84;84;2
69;1;1;1000;1000;1;84;84;2
70;1;1;1000;1000;1;84;84;2
71;1;1;1000;1000;1;84;84;2
72;1;1;1000;1000;1;84;84;2
73;1;1;1000;1000;1;84;84;2
74;1;1;1000;1000;1;84;84;2
75;1;1;1000;1000;1;84;84;2
76;1;1;1000;1000;1;84;84;2
77;1;1;1000;1000;1;84;84;2
78;1;1;1000;1000;1;84;84;2
79;1;1;1000;1000;1;84;84;2
80;1;1;1000;1000;1;84;84;2
81;1;1;1000;1000;1;84;84;2
82;1;1;1000;1000;1;84;84;2
83;1;1;1000;1000;1;84;84;2
84;1;1;1000;1000;1;84;84;2
85;1;1;1000;1000;1;84;84;2
86;1;1;1000;1000;1;84;84;2
87;1;1;1000;1000;1;84;84;2
88;1;1;1000;1000;1;84;84;2
89;1;1;1000;1000;1;84;84;2
90;1;1;1000;1000;1;84;84;2
91;1;1;1000;1000;1;84;84;2
92;1;1;1000;1000;1;84;84;2
93;1;1;1000;1000;1;84;84;2
94;1;1;1000;1000;1;84;84;2
95;1;1;1000;1000;1;84;84;2
96;1;1;1000;1000;1;84;84;2
97;1;1;1000;1000;1;84;84;2
98;1;1;1000;1000;1;84;84;2
99;1;1;1000;1000;1;84;84;2
100;1;1;1000;1000;1;84;84;2
1;1;1;1000;1000;1;84;84;3
2;1;1;1000;1000;1;84;84;3
3;1;1;1000;1000;1;84;84;3
4;1;1;1000;1000;1;84;84;3
5;1;1;1000;1000;1;84;84;3
6;1;1;1000;1000;1;84;84;3
7;1;1;1000;1000;1;84;84;3
8;1;1;1000;1000;1;84;84;3
9;1;1;1000;1000;1;84;84;3
10;1;1;1000;1000;1;84;84;3
11;1;1;1000;1000;1;84;84;3
12;1;1;1000;1000;1;84;84;3
13;1;1;1000;1000;1;84;84;3
14;1;1;1000;1000;1;84;84;3
15;1;1;1000;1000;1;84;84;3
16;1;1;1000;1000;1;84;84;3
17;1;1;1000;1000;1;84;84;3
18;1;1;1000;1000;1;84;84;3
19;1;1;1000;1000;1;84;84;3
20;1;1;1000;1000;1;84;84;3
21;1;1;1000;1000;1;84;84;3
22;1;1;1000;1000;1;84;84;3
23;1;1;1000;1000;1;84;84;3
24;1;1;1000;1000;1;84;84;3
25;1;1;1000;1000;1;84;84;3
26;1;1;1000;1000;1;84;84;3
27;1;1;1000;1000;1;84;84;3
28;1;1;1000;1000;1;84;84;3
29;1;1;1000;1000;1;84;84;3
30;1;1;1000;1000;1;84;84;3
31;1;1;1000;1000;1;84;84;3
32;1;1;1000;1000;1;84;84;3
33;1;1;1000;1000;1;84;84;3
34;1;1;1000;1000;1;84;84;3
35;1;1;1000;1000;1;84;84;3
36;1;1;1000;1000;1;84;84;3
37;1;1;1000;1000;1;84;84;3
38;1;1;1000;1000;1;84;84;3
39;1;1;1000;1000;1;84;84;3
40;1;1;1000;1000;1;84;84;3
41;1;1;1000;1000;1;84;84;3
42;1;1;1000;1000;1;84;84;3
43;1;1;1000;1000;1;84;84;3
44;1;1;1000;1000;1;84;84;3
45;1;1;1000;1000;1;84;84;3
46;1;1;1000;1000;1;84;84;3
47;1;1;1000;1000;1;84;84;3
48;1;1;1000;1000;1;84;84;3
49;1;1;1000;1000;1;84;84;3
50;1;1;1000;1000;1;84;84;3
51;1;1;1000;1000;1;84;84;3
52;1;1;1000;1000;1;84;84;3
53;1;1;1000;1000;1;84;84;3
54;1;1;1000;1000;1;84;84;3
55;1;1;1000;1000;1;84;84;3
56;1;1;1000;1000;1;84;84;3
57;1;1;1000;1000;1;84;84;3
58;1;1;1000;1000;1;84;84;3
59;1;1;1000;1000;1;84;84;3
60;1;1;1000;1000;1;84;84;3
61;1;1;1000;1000;1;84;84;3
62;1;1;1000;1000;1;84;84;3
63;1;1;1000;1000;1;84;84;3
64;1;1;1000;1000;1;84;84;3
65;1;1;1000;1000;1;84;84;3
66;1;1;1000;1000;1;84;84;3
67;1;1;1000;1000;1;84;84;3
68;1;1;1000;1000;1;84;84;3
69;1;1;1000;1000;1;84;84;3
70;1;1;1000;1000;1;84;84;3
71;1;1;1000;1000;1;84;84;3
72;1;1;1000;1000;1;84;84;3
73;1;1;1000;1000;1;84;84;3
74;1;1;1000;1000;1;84;84;3
75;1;1;1000;1000;1;84;84;3
76;1;1;1000;1000;1;84;84;3
77;1;1;1000;1000;1;84;84;3
78;1;1;1000;1000;1;84;84;3
79;1;1;1000;1000;1;84;84;3
80;1;1;1000;1000;1;84;84;3
81;1;1;1000;1000;1;84;84;3
82;1;1;1000;1000;1;84;84;3
83;1;1;1000;1000;1;84;84;3
84;1;1;1000;1000;1;84;84;3
85;1;1;1000;1000;1;84;84;3
86;1;1;1000;1000;1;84;84;3
87;1;1;1000;1000;1;84;84;3
88;1;1;1000;1000;1;84;84;3
89;1;1;1000;1000;1;84;84;3
90;1;1;1000;1000;1;84;84;3
91;1;1;1000;1000;1;84;84;3
92;1;1;1000;1000;1;84;84;3
93;1;1;1000;1000;1;84;84;3
94;1;1;1000;1000;1;84;84;3
95;1;1;1000;1000;1;84;84;3
96;1;1;1000;1000;1;84;84;3
97;1;1;1000;1000;1;84;84;3
98;1;1;1000;1000;1;84;84;3
99;1;1;1000;1000;1;84;84;3
100;1;1;1000;1000;1;84;84;3
1;1;1;1000;1000;1;84;84;4
2;1;1;1000;1000;1;84;84;4
3;1;1;1000;1000;1;84;84;4
4;1;1;1000;1000;1;84;84;4
5;1;1;1000;1000;1;84;84;4
6;1;1;1000;1000;1;84;84;4
7;1;1;1000;1000;1;84;84;4
8;1;1;1000;1000;1;84;84;4
9;1;1;1000;1000;1;84;84;4
10;1;1;1000;1000;1;84;84;4
11;1;1;1000;1000;1;84;84;4
12;1;1;1000;1000;1;84;84;4
13;1;1;1000;1000;1;84;84;4
14;1;1;1000;1000;1;84;84;4
15;1;1;1000;1000;1;84;84;4
16;1;1;1000;1000;1;84;84;4
17;1;1;1000;1000;1;84;84;4
18;1;1;1000;1000;1;84;84;4
19;1;1;1000;1000;1;84;84;4
20;1;1;1000;1000;1;84;84;4
21;1;1;1000;1000;1;84;84;4
22;1;1;1000;1000;1;84;84;4
23;1;1;1000;1000;1;84;84;4
24;1;1;1000;1000;1;84;84;4
25;1;1;1000;1000;1;84;84;4
26;1;1;1000;1000;1;84;84;4
27;1;1;1000;1000;1;84;84;4
28;1;1;1000;1000;1;84;84;4
29;1;1;1000;1000;1;84;84;4
30;1;1;1000;1000;1;84;84;4
31;1;1;1000;1000;1;84;84;4
32;1;1;1000;1000;1;84;84;4
33;1;1;1000;1000;1;84;84;4
34;1;1;1000;1000;1;84;84;4
35;1;1;1000;1000;1;84;84;4
36;1;1;1000;1000;1;84;84;4
37;1;1;1000;1000;1;84;84;4
38;1;1;1000;1000;1;84;84;4
39;1;1;1000;1000;1;84;84;4
40;1;1;1000;1000;1;84;84;4
41;1;1;1000;1000;1;84;84;4
42;1;1;1000;1000;1;84;84;4
43;1;1;1000;1000;1;84;84;4
44;1;1;1000;1000;1;84;84;4
45;1;1;1000;1000;1;84;84;4
46;1;1;1000;1000;1;84;84;4
47;1;1;1000;1000;1;84;84;4
48;1;1;1000;1000;1;84;84;4
49;1;1;1000;1000;1;84;84;4
50;1;1;1000;1000;1;84;84;4
51;1;1;1000;1000;1;84;84;4
52;1;1;1000;1000;1;84;84;4
53;1;1;1000;1000;1;84;84;4
54;1;1;1000;1000;1;84;84;4
55;1;1;1000;1000;1;84;84;4
56;1;1;1000;1000;1;84;84;4
57;1;1;1000;1000;1;84;84;4
58;1;1;1000;1000;1;84;84;4
59;1;1;1000;1000;1;84;84;4
60;1;1;1000;1000;1;84;84;4
61;1;1;1000;1000;1;84;84;4
62;1;1;1000;1000;1;84;84;4
63;1;1;1000;1000;1;84;84;4
64;1;1;1000;1000;1;84;84;4
65;1;1;1000;1000;1;84;84;4
66;1;1;1000;1000;1;84;84;4
67;1;1;1000;1000;1;84;84;4
68;1;1;1000;1000;1;84;84;4
69;1;1;1000;1000;1;84;84;4
70;1;1;1000;1000;1;84;84;4
71;1;1;1000;1000;1;84;84;4
72;1;1;1000;1000;1;84;84;4
73;1;1;1000;1000;1;84;84;4
74;1;1;1000;1000;1;84;84;4
75;1;1;1000;1000;1;84;84;4
76;1;1;1000;1000;1;84;84;4
77;1;1;1000;1000;1;84;84;4
78;1;1;1000;1000;1;84;84;4
79;1;1;1000;1000;1;84;84;4
80;1;1;1000;1000;1;84;84;4
81;1;1;1000;1000;1;84;84;4
82;1;1;1000;1000;1;84;84;4
83;1;1;1000;1000;1;84;84;4
84;1;1;1000;1000;1;84;84;4
85;1;1;1000;1000;1;84;84;4
86;1;1;1000;1000;1;84;84;4
87;1;1;1000;1000;1;84;84;4
88;1;1;1000;1000;1;84;84;4
89;1;1;1000;1000;1;84;84;4
90;1;1;1000;1000;1;84;84;4
91;1;1;1000;1000;1;84;84;4
92;1;1;1000;1000;1;84;84;4
93;1;1;1000;1000;1;84;84;4
94;1;1;1000;1000;1;84;84;4
95;1;1;1000;1000;1;84;84;4
96;1;1;1000;1000;1;84;84;4
97;1;1;759;759;1;64;64;4
97;2;761;761;1;64;64;1;4
97;3;797;801;5;67;67;1;4
97;4;803;807;5;67;68;2;4
97;5;809;809;1;68;68;1;4
97;6;811;819;9;68;69;2;4
97;7;821;825;5;69;69;1;4
97;8;833;833;1;70;70;1;4
98;1;1;1000;1000;1;84;84;4
99;1;1;1000;1000;1;84;84;4
100;1;1;1000;1000;1;84;84;4
1;1;1;1000;1000;1;84;84;5
2;1;1;1000;1000;1;84;84;5
3;1;1;1000;1000;1;84;84;5
4;1;1;1000;1000;1;84;84;5
5;1;1;1000;1000;1;84;84;5
6;1;1;813;813;1;68;68;5
6;2;815;815;1;68;68;1;5
6;3;823;833;11;69;70;2;5
6;4;835;847;13;70;71;2;5
6;5;865;871;7;73;73;1;5
6;6;873;875;3;73;73;1;5
6;7;877;879;3;74;74;1;5
6;8;887;887;1;74;74;1;5
6;9;899;909;11;75;76;2;5
6;10;911;921;11;76;77;2;5
6;11;927;929;3;78;78;1;5
6;12;931;933;3;78;78;1;5
6;13;935;935;1;78;78;1;5
6;14;937;951;15;79;80;2;5
6;15;955;957;3;80;80;1;5
6;16;959;959;1;80;80;1;5
6;17;961;1000;40;81;84;4;5
7;1;1;1000;1000;1;84;84;5
8;1;1;1000;1000;1;84;84;5
9;1;1;1000;1000;1;84;84;5
10;1;1;1000;1000;1;84;84;5
11;1;1;1000;1000;1;84;84;5
12;1;1;1000;1000;1;84;84;5
13;1;1;1000;1000;1;84;84;5
14;1;1;1000;1000;1;84;84;5
15;1;1;1000;1000;1;84;84;5
16;1;1;1000;1000;1;84;84;5
17;1;1;1000;1000;1;84;84;5
18;1;1;1000;1000;1;84;84;5
19;1;1;1000;1000;1;84;84;5
20;1;1;727;727;1;61;61;5
20;2;731;769;39;61;65;5;5
20;3;779;779;1;65;65;1;5
20;4;785;803;19;66;67;2;5
20;5;813;815;3;68;68;1;5
20;6;817;817;1;69;69;1;5
20;7;821;821;1;69;69;1;5
20;8;831;831;1;70;70;1;5
20;9;839;879;41;70;74;5;5
20;10;881;881;1;74;74;1;5
20;11;883;923;41;74;77;4;5
20;12;925;925;1;78;78;1;5
20;13;927;927;1;78;78;1;5
20;14;973;973;1;82;82;1;5
20;15;977;977;1;82;82;1;5
20;16;987;987;1;83;83;1;5
20;17;989;989;1;83;83;1;5
21;1;1;1000;1000;1;84;84;5
22;1;1;1000;1000;1;84;84;5
23;1;1;1000;1000;1;84;84;5
24;1;1;1000;1000;1;84;84;5
25;1;1;853;853;1;72;72;5
25;2;855;861;7;72;72;1;5
25;3;863;865;3;72;73;2;5
25;4;869;869;1;73;73;1;5
25;5;873;903;31;73;76;4;5
25;6;905;905;1;76;76;1;5
25;7;907;991;85;76;83;8;5
25;8;993;1000;8;83;84;2;5
26;1;1;935;935;1;78;78;5
27;1;1;1000;1000;1;84;84;5
28;1;1;1000;1000;1;84;84;5
29;1;1;1000;1000;1;84;84;5
30;1;1;1000;1000;1;84;84;5
31;1;1;1000;1000;1;84;84;5
32;1;1;1000;1000;1;84;84;5
33;1;1;683;683;1;57;57;5
33;2;687;699;13;58;59;2;5
33;3;701;727;27;59;61;3;5
33;4;729;729;1;61;61;1;5
33;5;731;733;3;61;62;2;5
33;6;735;735;1;62;62;1;5
33;7;737;739;3;62;62;1;5
33;8;849;857;9;71;72;2;5
34;1;1;1000;1000;1;84;84;5
35;1;1;1000;1000;1;84;84;5
36;1;1;1000;1000;1;84;84;5
37;1;1;1000;1000;1;84;84;5
38;1;1;1000;1000;1;84;84;5
39;1;1;1000;1000;1;84;84;5
40;1;1;1000;1000;1;84;84;5
41;1;1;1000;1000;1;84;84;5
42;1;1;1000;1000;1;84;84;5
43;1;1;525;525;1;44;44;5
43;2;527;527;1;44;44;1;5
43;3;597;601;5;50;51;2;5
44;1;1;1000;1000;1;84;84;5
45;1;1;1000;1000;1;84;84;5
46;1;1;1000;1000;1;84;84;5
47;1;1;1000;1000;1;84;84;5
48;1;1;1000;1000;1;84;84;5
49;1;1;1000;1000;1;84;84;5
50;1;1;1000;1000;1;84;84;5
51;1;1;1000;1000;1;84;84;5
52;1;1;1000;1000;1;84;84;5
53;1;1;1000;1000;1;84;84;5
54;1;1;1000;1000;1;84;84;5
55;1;1;1000;1000;1;84;84;5
56;1;1;945;945;1;79;79;5
56;2;979;1000;22;82;84;3;5
57;1;1;1000;1000;1;84;84;5
58;1;1;1000;1000;1;84;84;5
59;1;1;1000;1000;1;84;84;5
60;1;1;947;947;1;79;79;5
60;2;951;973;23;80;82;3;5
60;3;979;979;1;82;82;1;5
60;4;981;981;1;82;82;1;5
60;5;997;997;1;84;84;1;5
60;6;999;1000;2;84;84;1;5
61;1;1;1000;1000;1;84;84;5
62;1;1;1000;1000;1;84;84;5
63;1;1;1000;1000;1;84;84;5
64;1;1;1000;1000;1;84;84;5
65;1;1;945;945;1;79;79;5
65;2;947;947;1;79;79;1;5
65;3;949;949;1;80;80;1;5
65;4;951;951;1;80;80;1;5
66;1;1;965;965;1;81;81;5
66;2;969;969;1;81;81;1;5
66;3;971;971;1;81;81;1;5
66;4;975;977;3;82;82;1;5
66;5;983;983;1;82;82;1;5
67;1;1;1000;1000;1;84;84;5
68;1;1;1000;1000;1;84;84;5
69;1;1;1000;1000;1;84;84;5
70;1;1;1000;1000;1;84;84;5
71;1;1;1000;1000;1;84;84;5
72;1;1;1000;1000;1;84;84;5
73;1;1;1000;1000;1;84;84;5
74;1;1;1000;1000;1;84;84;5
75;1;1;1000;1000;1;84;84;5
76;1;1;1000;1000;1;84;84;5
77;1;1;1000;1000;1;84;84;5
78;1;1;1000;1000;1;84;84;5
79;1;1;1000;1000;1;84;84;5
80;1;1;429;429;1;36;36;5
80;2;441;445;5;37;38;2;5
80;3;447;449;3;38;38;1;5
80;4;451;451;1;38;38;1;5
80;5;491;491;1;41;41;1;5
80;6;493;493;1;42;42;1;5
80;7;495;495;1;42;42;1;5
80;8;497;513;17;42;43;2;5
80;9;519;519;1;44;44;1;5
80;10;521;525;5;44;44;1;5
80;11;541;541;1;46;46;1;5
80;12;545;559;15;46;47;2;5
80;13;561;593;33;47;50;4;5
80;14;611;611;1;51;51;1;5
80;15;619;619;1;52;52;1;5
80;16;621;623;3;52;52;1;5
80;17;625;625;1;53;53;1;5
80;18;627;627;1;53;53;1;5
80;19;651;651;1;55;55;1;5
80;20;653;655;3;55;55;1;5
80;21;657;659;3;55;55;1;5
80;22;661;661;1;56;56;1;5
80;23;665;665;1;56;56;1;5
80;24;679;707;29;57;59;3;5
80;25;791;837;47;66;70;5;5
80;26;841;841;1;71;71;1;5
80;27;845;845;1;71;71;1;5
80;28;847;847;1;71;71;1;5
80;29;849;851;3;71;71;1;5
80;30;855;855;1;72;72;1;5
80;31;857;859;3;72;72;1;5
80;32;861;861;1;72;72;1;5
80;33;865;865;1;73;73;1;5
80;34;885;887;3;74;74;1;5
80;35;895;899;5;75;75;1;5
80;36;901;909;9;76;76;1;5
80;37;911;911;1;76;76;1;5
81;1;1;1000;1000;1;84;84;5
82;1;1;1000;1000;1;84;84;5
83;1;1;1000;1000;1;84;84;5
84;1;1;1000;1000;1;84;84;5
85;1;1;957;957;1;80;80;5
85;2;961;997;37;81;84;4;5
85;3;999;1000;2;84;84;1;5
86;1;1;1000;1000;1;84;84;5
87;1;1;1000;1000;1;84;84;5
88;1;1;1000;1000;1;84;84;5
89;1;1;1000;1000;1;84;84;5
90;1;1;1000;1000;1;84;84;5
91;1;1;1000;1000;1;84;84;5
92;1;1;1000;1000;1;84;84;5
93;1;1;1000;1000;1;84;84;5
94;1;1;1000;1000;1;84;84;5
95;1;1;1000;1000;1;84;84;5
96;1;1;1000;1000;1;84;84;5
97;1;1;1000;1000;1;84;84;5
98;1;1;323;323;1;27;27;5
98;2;325;1000;676;28;84;57;5
99;1;1;951;951;1;80;80;5
99;2;953;983;31;80;82;3;5
99;3;985;1000;16;83;84;2;5
100;1;1;1000;1000;1;84;84;5
1;1;1;175;175;1;15;15;6
1;2;191;367;177;16;31;16;6
1;3;375;375;1;32;32;1;6
1;4;391;451;61;33;38;6;6
1;5;455;491;37;38;41;4;6
1;6;493;499;7;42;42;1;6
1;7;501;507;7;42;43;2;6
1;8;509;511;3;43;43;1;6
1;9;513;539;27;43;45;3;6
1;10;585;595;11;49;50;2;6
1;11;601;631;31;51;53;3;6
1;12;657;657;1;55;55;1;6
1;13;661;665;5;56;56;1;6
1;14;715;717;3;60;60;1;6
1;15;731;731;1;61;61;1;6
1;16;733;737;5;62;62;1;6
1;17;739;843;105;62;71;10;6
1;18;845;877;33;71;74;4;6
1;19;881;881;1;74;74;1;6
1;20;893;893;1;75;75;1;6
1;21;895;915;21;75;77;3;6
1;22;917;921;5;77;77;1;6
1;23;923;929;7;77;78;2;6
1;24;931;931;1;78;78;1;6
1;25;957;1000;44;80;84;5;6
2;1;1;87;87;1;8;8;6
2;2;89;89;1;8;8;1;6
2;3;107;111;5;9;10;2;6
2;4;113;127;15;10;11;2;6
2;5;149;151;3;13;13;1;6
2;6;159;369;211;14;31;18;6
2;7;371;371;1;31;31;1;6
2;8;373;373;1;32;32;1;6
2;9;375;375;1;32;32;1;6
2;10;379;379;1;32;32;1;6
2;11;381;381;1;32;32;1;6
2;12;507;509;3;43;43;1;6
2;13;511;511;1;43;43;1;6
2;14;513;597;85;43;50;8;6
2;15;599;599;1;50;50;1;6
2;16;601;601;1;51;51;1;6
2;17;603;603;1;51;51;1;6
2;18;853;855;3;72;72;1;6
2;19;857;859;3;72;72;1;6
2;20;863;863;1;72;72;1;6
2;21;879;965;87;74;81;8;6
2;22;967;967;1;81;81;1;6
2;23;969;969;1;81;81;1;6
2;24;971;973;3;81;82;2;6
3;1;1;59;59;1;5;5;6
3;2;73;73;1;7;7;1;6
3;3;99;99;1;9;9;1;6
3;4;101;101;1;9;9;1;6
3;5;105;107;3;9;9;1;6
3;6;111;111;1;10;10;1;6
3;7;115;139;25;10;12;3;6
3;8;141;141;1;12;12;1;6
3;9;147;147;1;13;13;1;6
3;10;151;151;1;13;13;1;6
3;11;183;195;13;16;17;2;6
3;12;207;207;1;18;18;1;6
3;13;209;209;1;18;18;1;6
3;14;215;215;1;18;18;1;6
3;15;217;225;9;19;19;1;6
3;16;241;241;1;21;21;1;6
3;17;243;243;1;21;21;1;6
3;18;251;251;1;21;21;1;6
3;19;253;255;3;22;22;1;6
3;20;257;257;1;22;22;1;6
3;21;263;263;1;22;22;1;6
3;22;265;265;1;23;23;1;6
3;23;273;455;183;23;38;16;6
3;24;505;505;1;43;43;1;6
3;25;507;509;3;43;43;1;6
4;1;1;61;61;1;6;6;6
4;2;63;105;43;6;9;4;6
4;3;147;529;383;13;45;33;6
4;4;555;555;1;47;47;1;6
4;5;557;663;107;47;56;10;6
4;6;665;665;1;56;56;1;6
4;7;699;713;15;59;60;2;6
4;8;715;717;3;60;60;1;6
4;9;719;835;117;60;70;11;6
4;10;837;837;1;70;70;1;6
4;11;841;1000;160;71;84;14;6
5;1;1;93;93;1;8;8;6
5;2;95;95;1;8;8;1;6
5;3;109;109;1;10;10;1;6
5;4;111;113;3;10;10;1;6
5;5;115;167;53;10;14;5;6
5;6;169;239;71;15;20;6;6
5;7;253;255;3;22;22;1;6
5;8;257;261;5;22;22;1;6
5;9;263;263;1;22;22;1;6
5;10;271;271;1;23;23;1;6
5;11;273;273;1;23;23;1;6
5;12;317;325;9;27;28;2;6
5;13;327;337;11;28;29;2;6
5;14;339;345;7;29;29;1;6
5;15;351;351;1;30;30;1;6
5;16;355;357;3;30;30;1;6
5;17;359;361;3;30;31;2;6
5;18;387;399;13;33;34;2;6
5;19;401;401;1;34;34;1;6
5;20;407;441;35;34;37;4;6
5;21;443;443;1;37;37;1;6
5;22;445;445;1;38;38;1;6
5;23;447;447;1;38;38;1;6
5;24;471;473;3;40;40;1;6
5;25;481;481;1;41;41;1;6
5;26;483;485;3;41;41;1;6
5;27;487;487;1;41;41;1;6
5;28;495;495;1;42;42;1;6
5;29;497;497;1;42;42;1;6
5;30;699;699;1;59;59;1;6
5;31;701;701;1;59;59;1;6
5;32;703;703;1;59;59;1;6
5;33;707;711;5;59;60;2;6
5;34;723;723;1;61;61;1;6
5;35;725;725;1;61;61;1;6
5;36;743;743;1;62;62;1;6
6;1;1;47;47;1;4;4;6
6;2;53;53;1;5;5;1;6
6;3;171;171;1;15;15;1;6
6;4;173;173;1;15;15;1;6
6;5;175;177;3;15;15;1;6
6;6;183;189;7;16;16;1;6
6;7;191;191;1;16;16;1;6
6;8;197;201;5;17;17;1;6
6;9;203;217;15;17;19;3;6
6;10;219;219;1;19;19;1;6
6;11;221;225;5;19;19;1;6
6;12;227;227;1;19;19;1;6
6;13;229;229;1;20;20;1;6
6;14;247;249;3;21;21;1;6
6;15;251;251;1;21;21;1;6
6;16;253;267;15;22;23;2;6
6;17;269;269;1;23;23;1;6
6;18;275;275;1;23;23;1;6
6;19;277;279;3;24;24;1;6
6;20;281;285;5;24;24;1;6
6;21;287;307;21;24;26;3;6
6;22;313;313;1;27;27;1;6
6;23;315;317;3;27;27;1;6
6;24;329;329;1;28;28;1;6
6;25;335;337;3;28;29;2;6
6;26;339;345;7;29;29;1;6
6;27;347;349;3;29;30;2;6
6;28;351;353;3;30;30;1;6
6;29;359;407;49;30;34;5;6
6;30;531;531;1;45;45;1;6
6;31;533;533;1;45;45;1;6
6;32;609;609;1;51;51;1;6
7;1;1;785;785;1;66;66;6
7;2;789;1000;212;66;84;19;6
8;1;1;231;231;1;20;20;6
8;2;237;237;1;20;20;1;6
8;3;241;241;1;21;21;1;6
8;4;245;273;29;21;23;3;6
8;5;275;829;555;23;70;48;6
8;6;831;831;1;70;70;1;6
8;7;833;833;1;70;70;1;6
8;8;849;849;1;71;71;1;6
9;1;1;213;213;1;18;18;6
9;2;215;215;1;18;18;1;6
9;3;217;219;3;19;19;1;6
9;4;221;225;5;19;19;1;6
9;5;227;229;3;19;20;2;6
9;6;239;241;3;20;21;2;6
9;7;253;253;1;22;22;1;6
9;8;255;255;1;22;22;1;6
9;9;267;267;1;23;23;1;6
9;10;301;301;1;26;26;1;6
9;11;309;309;1;26;26;1;6
9;12;311;313;3;26;27;2;6
9;13;315;343;29;27;29;3;6
9;14;345;391;47;29;33;5;6
9;15;407;407;1;34;34;1;6
9;16;411;411;1;35;35;1;6
9;17;415;423;9;35;36;2;6
9;18;427;433;7;36;37;2;6
9;19;435;435;1;37;37;1;6
9;20;469;605;137;40;51;12;6
9;21;607;619;13;51;52;2;6
9;22;623;687;65;52;58;7;6
9;23;691;703;13;58;59;2;6
9;24;705;705;1;59;59;1;6
9;25;735;735;1;62;62;1;6
9;26;747;747;1;63;63;1;6
9;27;749;749;1;63;63;1;6
9;28;751;875;125;63;73;11;6
9;29;879;881;3;74;74;1;6
9;30;883;885;3;74;74;1;6
9;31;887;887;1;74;74;1;6
9;32;889;891;3;75;75;1;6
9;33;897;897;1;75;75;1;6
9;34;899;899;1;75;75;1;6
9;35;901;903;3;76;76;1;6
9;36;909;913;5;76;77;2;6
9;37;917;921;5;77;77;1;6
9;38;923;955;33;77;80;4;6
9;39;957;965;9;80;81;2;6
9;40;967;969;3;81;81;1;6
9;41;973;973;1;82;82;1;6
9;42;981;981;1;82;82;1;6
9;43;987;987;1;83;83;1;6
10;1;1;199;199;1;17;17;6
10;2;201;217;17;17;19;3;6
10;3;225;225;1;19;19;1;6
10;4;227;291;65;19;25;7;6
10;5;293;293;1;25;25;1;6
10;6;295;295;1;25;25;1;6
10;7;301;303;3;26;26;1;6
10;8;309;319;11;26;27;2;6
10;9;321;321;1;27;27;1;6
10;10;329;333;5;28;28;1;6
10;11;335;335;1;28;28;1;6
10;12;337;339;3;29;29;1;6
10;13;341;1000;660;29;84;56;6
11;1;1;59;59;1;5;5;6
11;2;61;99;39;6;9;4;6
11;3;127;127;1;11;11;1;6
11;4;131;131;1;11;11;1;6
11;5;141;161;21;12;14;3;6
11;6;179;179;1;15;15;1;6
11;7;183;183;1;16;16;1;6
11;8;201;201;1;17;17;1;6
11;9;237;237;1;20;20;1;6
11;10;239;241;3;20;21;2;6
11;11;243;243;1;21;21;1;6
11;12;245;247;3;21;21;1;6
11;13;291;297;7;25;25;1;6
11;14;299;299;1;25;25;1;6
11;15;303;305;3;26;26;1;6
11;16;307;307;1;26;26;1;6
11;17;313;349;37;27;30;4;6
11;18;365;365;1;31;31;1;6
11;19;371;371;1;31;31;1;6
11;20;373;375;3;32;32;1;6
11;21;377;401;25;32;34;3;6
11;22;409;409;1;35;35;1;6
11;23;411;411;1;35;35;1;6
11;24;415;447;33;35;38;4;6
11;25;449;449;1;38;38;1;6
11;26;457;491;35;39;41;3;6
11;27;659;659;1;55;55;1;6
11;28;715;747;33;60;63;4;6
11;29;751;751;1;63;63;1;6
11;30;753;753;1;63;63;1;6
11;31;755;755;1;63;63;1;6
11;32;767;767;1;64;64;1;6
11;33;769;769;1;65;65;1;6
11;34;773;835;63;65;70;6;6
11;35;837;931;95;70;78;9;6
11;36;933;937;5;78;79;2;6
11;37;943;943;1;79;79;1;6
12;1;1;181;181;1;16;16;6
12;2;183;293;111;16;25;10;6
12;3;295;295;1;25;25;1;6
12;4;297;305;9;25;26;2;6
12;5;309;317;9;26;27;2;6
12;6;319;325;7;27;28;2;6
12;7;327;335;9;28;28;1;6
12;8;337;337;1;29;29;1;6
12;9;339;339;1;29;29;1;6
12;10;341;341;1;29;29;1;6
12;11;345;513;169;29;43;15;6
12;12;539;539;1;45;45;1;6
12;13;541;541;1;46;46;1;6
12;14;545;545;1;46;46;1;6
12;15;557;561;5;47;47;1;6
12;16;583;717;135;49;60;12;6
12;17;729;729;1;61;61;1;6
12;18;731;747;17;61;63;3;6
12;19;749;751;3;63;63;1;6
12;20;753;785;33;63;66;4;6
12;21;789;789;1;66;66;1;6
12;22;793;793;1;67;67;1;6
12;23;795;797;3;67;67;1;6
12;24;799;799;1;67;67;1;6
12;25;801;805;5;67;68;2;6
12;26;807;809;3;68;68;1;6
12;27;811;811;1;68;68;1;6
12;28;813;813;1;68;68;1;6
12;29;815;815;1;68;68;1;6
12;30;817;817;1;69;69;1;6
12;31;889;923;35;75;77;3;6
12;32;925;927;3;78;78;1;6
12;33;929;945;17;78;79;2;6
12;34;949;951;3;80;80;1;6
12;35;955;955;1;80;80;1;6
12;36;979;1000;22;82;84;3;6
13;1;1;63;63;1;6;6;6
13;2;65;65;1;6;6;1;6
13;3;67;71;5;6;6;1;6
13;4;73;73;1;7;7;1;6
13;5;77;79;3;7;7;1;6
13;6;81;137;57;7;12;6;6
13;7;149;157;9;13;14;2;6
13;8;163;173;11;14;15;2;6
13;9;175;189;15;15;16;2;6
13;10;191;191;1;16;16;1;6
13;11;193;405;213;17;34;18;6
13;12;407;435;29;34;37;4;6
13;13;437;441;5;37;37;1;6
13;14;443;445;3;37;38;2;6
13;15;959;1000;42;80;84;5;6
14;1;1;195;195;1;17;17;6
14;2;197;197;1;17;17;1;6
14;3;199;199;1;17;17;1;6
14;4;203;207;5;17;18;2;6
14;5;209;209;1;18;18;1;6
14;6;211;211;1;18;18;1;6
14;7;215;219;5;18;19;2;6
14;8;257;257;1;22;22;1;6
14;9;259;259;1;22;22;1;6
14;10;267;267;1;23;23;1;6
14;11;269;269;1;23;23;1;6
14;12;325;325;1;28;28;1;6
14;13;327;327;1;28;28;1;6
14;14;329;349;21;28;30;3;6
14;15;355;355;1;30;30;1;6
14;16;363;363;1;31;31;1;6
14;17;377;377;1;32;32;1;6
14;18;379;379;1;32;32;1;6
14;19;447;467;21;38;39;2;6
14;20;469;469;1;40;40;1;6
14;21;483;503;21;41;42;2;6
14;22;505;505;1;43;43;1;6
14;23;513;513;1;43;43;1;6
14;24;515;543;29;43;46;4;6
14;25;545;549;5;46;46;1;6
14;26;551;553;3;46;47;2;6
14;27;561;579;19;47;49;3;6
14;28;657;675;19;55;57;3;6
14;29;677;677;1;57;57;1;6
15;1;1;555;555;1;47;47;6
15;2;583;583;1;49;49;1;6
15;3;585;585;1;49;49;1;6
15;4;603;605;3;51;51;1;6
15;5;607;607;1;51;51;1;6
15;6;609;609;1;51;51;1;6
15;7;611;611;1;51;51;1;6
15;8;613;639;27;52;54;3;6
15;9;643;643;1;54;54;1;6
15;10;895;895;1;75;75;1;6
15;11;899;899;1;75;75;1;6
15;12;901;911;11;76;76;1;6
15;13;913;913;1;77;77;1;6
15;14;915;917;3;77;77;1;6
15;15;919;919;1;77;77;1;6
15;16;925;933;9;78;78;1;6
15;17;935;1000;66;78;84;7;6
16;1;1;109;109;1;10;10;6
16;2;123;141;19;11;12;2;6
16;3;143;143;1;12;12;1;6
16;4;197;201;5;17;17;1;6
16;5;203;203;1;17;17;1;6
16;6;205;209;5;18;18;1;6
16;7;211;211;1;18;18;1;6
16;8;269;271;3;23;23;1;6
16;9;277;279;3;24;24;1;6
16;10;281;283;3;24;24;1;6
16;11;285;285;1;24;24;1;6
16;12;287;287;1;24;24;1;6
16;13;299;303;5;25;26;2;6
16;14;305;311;7;26;26;1;6
16;15;335;335;1;28;28;1;6
16;16;337;337;1;29;29;1;6
16;17;339;341;3;29;29;1;6
16;18;345;353;9;29;30;2;6
16;19;357;357;1;30;30;1;6
16;20;359;877;519;30;74;45;6
16;21;889;1000;112;75;84;10;6
17;1;1;185;185;1;16;16;6
17;2;189;203;15;16;17;2;6
17;3;205;205;1;18;18;1;6
17;4;245;245;1;21;21;1;6
17;5;259;259;1;22;22;1;6
17;6;265;265;1;23;23;1;6
17;7;367;375;9;31;32;2;6
17;8;399;423;25;34;36;3;6
17;9;437;449;13;37;38;2;6
17;10;451;451;1;38;38;1;6
17;11;455;467;13;38;39;2;6
17;12;469;471;3;40;40;1;6
17;13;475;475;1;40;40;1;6
17;14;477;477;1;40;40;1;6
17;15;479;487;9;40;41;2;6
17;16;489;491;3;41;41;1;6
17;17;493;493;1;42;42;1;6
17;18;495;507;13;42;43;2;6
17;19;509;509;1;43;43;1;6
17;20;513;569;57;43;48;6;6
17;21;599;615;17;50;52;3;6
17;22;619;623;5;52;52;1;6
17;23;625;631;7;53;53;1;6
17;24;633;635;3;53;53;1;6
17;25;637;637;1;54;54;1;6
17;26;671;677;7;56;57;2;6
17;27;681;685;5;57;58;2;6
17;28;693;693;1;58;58;1;6
17;29;695;695;1;58;58;1;6
17;30;697;711;15;59;60;2;6
17;31;715;723;9;60;61;2;6
17;32;727;1000;274;61;84;24;6
18;1;1;171;171;1;15;15;6
18;2;173;435;263;15;37;23;6
18;3;437;447;11;37;38;2;6
18;4;449;453;5;38;38;1;6
18;5;455;455;1;38;38;1;6
18;6;457;457;1;39;39;1;6
18;7;459;467;9;39;39;1;6
18;8;471;473;3;40;40;1;6
18;9;515;517;3;43;44;2;6
18;10;521;525;5;44;44;1;6
19;1;1;209;209;1;18;18;6
19;2;221;233;13;19;20;2;6
19;3;239;241;3;20;21;2;6
19;4;243;549;307;21;46;26;6
19;5;551;553;3;46;47;2;6
19;6;569;569;1;48;48;1;6
19;7;571;571;1;48;48;1;6
19;8;573;575;3;48;48;1;6
19;9;793;793;1;67;67;1;6
19;10;797;797;1;67;67;1;6
19;11;799;817;19;67;69;3;6
19;12;821;887;67;69;74;6;6
19;13;895;899;5;75;75;1;6
19;14;905;909;5;76;76;1;6
19;15;911;913;3;76;77;2;6
19;16;915;915;1;77;77;1;6
19;17;983;1000;18;82;84;3;6
20;1;1;239;239;1;20;20;6
20;2;241;335;95;21;28;8;6
20;3;363;367;5;31;31;1;6
20;4;369;369;1;31;31;1;6
20;5;371;371;1;31;31;1;6
20;6;373;373;1;32;32;1;6
20;7;375;377;3;32;32;1;6
20;8;379;379;1;32;32;1;6
20;9;407;407;1;34;34;1;6
20;10;411;411;1;35;35;1;6
20;11;413;413;1;35;35;1;6
20;12;415;415;1;35;35;1;6
21;1;1;123;123;1;11;11;6
21;2;125;157;33;11;14;4;6
21;3;161;399;239;14;34;21;6
21;4;405;417;13;34;35;2;6
21;5;425;425;1;36;36;1;6
21;6;427;427;1;36;36;1;6
21;7;431;433;3;36;37;2;6
21;8;439;439;1;37;37;1;6
21;9;453;453;1;38;38;1;6
21;10;459;461;3;39;39;1;6
21;11;463;467;5;39;39;1;6
21;12;471;473;3;40;40;1;6
21;13;475;511;37;40;43;4;6
21;14;517;523;7;44;44;1;6
21;15;525;547;23;44;46;3;6
21;16;561;573;13;47;48;2;6
21;17;575;577;3;48;49;2;6
21;18;579;579;1;49;49;1;6
21;19;583;583;1;49;49;1;6
21;20;585;653;69;49;55;7;6
21;21;655;659;5;55;55;1;6
21;22;677;677;1;57;57;1;6
21;23;683;683;1;57;57;1;6
21;24;687;689;3;58;58;1;6
21;25;693;693;1;58;58;1;6
21;26;695;697;3;58;59;2;6
21;27;699;699;1;59;59;1;6
21;28;943;943;1;79;79;1;6
21;29;945;945;1;79;79;1;6
21;30;985;993;9;83;83;1;6
21;31;995;995;1;83;83;1;6
21;32;997;997;1;84;84;1;6
22;1;1;1000;1000;1;84;84;6
23;1;1;107;107;1;9;9;6
23;2;113;113;1;10;10;1;6
23;3;115;117;3;10;10;1;6
23;4;139;139;1;12;12;1;6
23;5;147;155;9;13;13;1;6
23;6;157;165;9;14;14;1;6
23;7;173;173;1;15;15;1;6
23;8;175;175;1;15;15;1;6
23;9;179;181;3;15;16;2;6
23;10;183;183;1;16;16;1;6
23;11;191;191;1;16;16;1;6
23;12;195;195;1;17;17;1;6
23;13;203;207;5;17;18;2;6
23;14;253;255;3;22;22;1;6
23;15;257;269;13;22;23;2;6
23;16;289;289;1;25;25;1;6
23;17;291;291;1;25;25;1;6
23;18;299;301;3;25;26;2;6
23;19;303;303;1;26;26;1;6
23;20;393;435;43;33;37;5;6
23;21;437;437;1;37;37;1;6
23;22;451;453;3;38;38;1;6
23;23;455;461;7;38;39;2;6
23;24;475;475;1;40;40;1;6
23;25;477;479;3;40;40;1;6
23;26;481;481;1;41;41;1;6
23;27;489;489;1;41;41;1;6
23;28;495;497;3;42;42;1;6
23;29;501;501;1;42;42;1;6
23;30;535;545;11;45;46;2;6
24;1;1;69;69;1;6;6;6
24;2;113;113;1;10;10;1;6
24;3;115;115;1;10;10;1;6
24;4;119;119;1;10;10;1;6
24;5;121;121;1;11;11;1;6
24;6;151;151;1;13;13;1;6
24;7;285;285;1;24;24;1;6
24;8;369;369;1;31;31;1;6
24;9;371;373;3;31;32;2;6
24;10;425;429;5;36;36;1;6
24;11;447;447;1;38;38;1;6
24;12;449;451;3;38;38;1;6
24;13;453;455;3;38;38;1;6
24;14;459;473;15;39;40;2;6
24;15;479;521;43;40;44;5;6
24;16;565;571;7;48;48;1;6
24;17;573;573;1;48;48;1;6
24;18;579;579;1;49;49;1;6
24;19;581;587;7;49;49;1;6
24;20;589;589;1;50;50;1;6
24;21;593;593;1;50;50;1;6
24;22;595;595;1;50;50;1;6
24;23;601;601;1;51;51;1;6
24;24;603;603;1;51;51;1;6
24;25;607;607;1;51;51;1;6
24;26;815;815;1;68;68;1;6
24;27;817;817;1;69;69;1;6
24;28;823;841;19;69;71;3;6
24;29;845;1000;156;71;84;14;6
25;1;1;371;371;1;31;31;6
25;2;373;373;1;32;32;1;6
25;3;375;377;3;32;32;1;6
25;4;395;395;1;33;33;1;6
25;5;441;441;1;37;37;1;6
25;6;443;445;3;37;38;2;6
25;7;451;451;1;38;38;1;6
25;8;453;455;3;38;38;1;6
25;9;457;457;1;39;39;1;6
25;10;461;489;29;39;41;3;6
25;11;491;491;1;41;41;1;6
25;12;499;499;1;42;42;1;6
25;13;501;509;9;42;43;2;6
25;14;511;591;81;43;50;8;6
25;15;593;593;1;50;50;1;6
25;16;595;595;1;50;50;1;6
25;17;597;603;7;50;51;2;6
26;1;1;241;241;1;21;21;6
26;2;245;245;1;21;21;1;6
26;3;247;247;1;21;21;1;6
26;4;253;261;9;22;22;1;6
26;5;263;263;1;22;22;1;6
26;6;453;461;9;38;39;2;6
26;7;465;467;3;39;39;1;6
26;8;469;469;1;40;40;1;6
26;9;487;487;1;41;41;1;6
26;10;489;489;1;41;41;1;6
27;1;1;175;175;1;15;15;6
27;2;187;197;11;16;17;2;6
27;3;199;253;55;17;22;6;6
27;4;255;255;1;22;22;1;6
27;5;257;257;1;22;22;1;6
27;6;277;277;1;24;24;1;6
27;7;279;279;1;24;24;1;6
27;8;283;283;1;24;24;1;6
27;9;289;289;1;25;25;1;6
27;10;293;293;1;25;25;1;6
27;11;295;295;1;25;25;1;6
27;12;485;725;241;41;61;21;6
27;13;731;735;5;61;62;2;6
27;14;737;737;1;62;62;1;6
27;15;829;829;1;70;70;1;6
27;16;831;831;1;70;70;1;6
27;17;837;839;3;70;70;1;6
27;18;841;841;1;71;71;1;6
27;19;843;847;5;71;71;1;6
27;20;929;1000;72;78;84;7;6
28;1;1;361;361;1;31;31;6
28;2;365;365;1;31;31;1;6
28;3;367;369;3;31;31;1;6
28;4;373;391;19;32;33;2;6
29;1;1;389;389;1;33;33;6
29;2;413;413;1;35;35;1;6
29;3;415;421;7;35;36;2;6
29;4;423;423;1;36;36;1;6
29;5;425;441;17;36;37;2;6
29;6;447;763;317;38;64;27;6
29;7;765;767;3;64;64;1;6
29;8;769;769;1;65;65;1;6
29;9;929;929;1;78;78;1;6
29;10;931;933;3;78;78;1;6
29;11;935;937;3;78;79;2;6
30;1;1;457;457;1;39;39;6
30;2;459;459;1;39;39;1;6
30;3;499;499;1;42;42;1;6
30;4;501;503;3;42;42;1;6
30;5;505;509;5;43;43;1;6
30;6;511;719;209;43;60;18;6
30;7;723;793;71;61;67;7;6
30;8;859;921;63;72;77;6;6
30;9;933;937;5;78;79;2;6
30;10;939;939;1;79;79;1;6
30;11;941;945;5;79;79;1;6
30;12;947;1000;54;79;84;6;6
31;1;1;109;109;1;10;10;6
31;2;113;123;11;10;11;2;6
31;3;125;125;1;11;11;1;6
31;4;131;131;1;11;11;1;6
31;5;133;133;1;12;12;1;6
31;6;137;159;23;12;14;3;6
31;7;161;175;15;14;15;2;6
31;8;185;187;3;16;16;1;6
31;9;195;197;3;17;17;1;6
32;1;1;409;409;1;35;35;6
32;2;411;429;19;35;36;2;6
32;3;431;437;7;36;37;2;6
32;4;439;441;3;37;37;1;6
32;5;455;473;19;38;40;3;6
32;6;475;531;57;40;45;6;6
32;7;549;691;143;46;58;13;6
32;8;693;693;1;58;58;1;6
32;9;697;697;1;59;59;1;6
32;10;713;715;3;60;60;1;6
32;11;717;735;19;60;62;3;6
32;12;739;749;11;62;63;2;6
32;13;751;941;191;63;79;17;6
32;14;943;943;1;79;79;1;6
32;15;949;951;3;80;80;1;6
32;16;953;953;1;80;80;1;6
32;17;961;965;5;81;81;1;6
32;18;989;997;9;83;84;2;6
32;19;999;1000;2;84;84;1;6
33;1;1;113;113;1;10;10;6
33;2;119;121;3;10;11;2;6
33;3;123;123;1;11;11;1;6
33;4;319;319;1;27;27;1;6
33;5;331;331;1;28;28;1;6
33;6;335;335;1;28;28;1;6
33;7;337;337;1;29;29;1;6
34;1;1;669;669;1;56;56;6
34;2;673;673;1;57;57;1;6
34;3;675;675;1;57;57;1;6
34;4;709;709;1;60;60;1;6
34;5;715;717;3;60;60;1;6
34;6;779;841;63;65;71;7;6
34;7;843;1000;158;71;84;14;6
35;1;1;869;869;1;73;73;6
35;2;871;969;99;73;81;9;6
35;3;971;1000;30;81;84;4;6
36;1;1;269;269;1;23;23;6
36;2;271;271;1;23;23;1;6
36;3;273;275;3;23;23;1;6
36;4;277;277;1;24;24;1;6
36;5;279;279;1;24;24;1;6
36;6;281;283;3;24;24;1;6
36;7;287;357;71;24;30;7;6
36;8;359;725;367;30;61;32;6
36;9;729;737;9;61;62;2;6
36;10;741;1000;260;62;84;23;6
37;1;1;49;49;1;5;5;6
37;2;51;53;3;5;5;1;6
37;3;55;59;5;5;5;1;6
37;4;61;63;3;6;6;1;6
37;5;297;299;3;25;25;1;6
38;1;1;351;351;1;30;30;6
38;2;357;373;17;30;32;3;6
38;3;375;375;1;32;32;1;6
38;4;379;379;1;32;32;1;6
38;5;383;385;3;32;33;2;6
38;6;387;387;1;33;33;1;6
38;7;437;649;213;37;55;19;6
38;8;651;653;3;55;55;1;6
38;9;657;687;31;55;58;4;6
38;10;689;737;49;58;62;5;6
38;11;739;741;3;62;62;1;6
38;12;743;743;1;62;62;1;6
38;13;753;753;1;63;63;1;6
38;14;779;783;5;65;66;2;6
38;15;787;787;1;66;66;1;6
38;16;789;837;49;66;70;5;6
38;17;839;839;1;70;70;1;6
39;1;1;205;205;1;18;18;6
39;2;207;207;1;18;18;1;6
39;3;209;209;1;18;18;1;6
39;4;263;265;3;22;23;2;6
39;5;295;295;1;25;25;1;6
39;6;297;297;1;25;25;1;6
39;7;303;303;1;26;26;1;6
39;8;315;315;1;27;27;1;6
39;9;317;317;1;27;27;1;6
39;10;323;323;1;27;27;1;6
39;11;325;325;1;28;28;1;6
39;12;327;327;1;28;28;1;6
39;13;329;331;3;28;28;1;6
39;14;383;383;1;32;32;1;6
39;15;385;385;1;33;33;1;6
39;16;461;461;1;39;39;1;6
40;1;1;173;173;1;15;15;6
40;2;175;175;1;15;15;1;6
40;3;177;177;1;15;15;1;6
40;4;181;181;1;16;16;1;6
40;5;183;187;5;16;16;1;6
40;6;189;189;1;16;16;1;6
40;7;217;249;33;19;21;3;6
40;8;265;265;1;23;23;1;6
40;9;267;1000;734;23;84;62;6
41;1;1;171;171;1;15;15;6
41;2;173;173;1;15;15;1;6
41;3;183;183;1;16;16;1;6
41;4;187;187;1;16;16;1;6
41;5;211;211;1;18;18;1;6
41;6;213;213;1;18;18;1;6
41;7;215;237;23;18;20;3;6
41;8;239;239;1;20;20;1;6
41;9;241;707;467;21;59;39;6
41;10;709;709;1;60;60;1;6
41;11;711;711;1;60;60;1;6
41;12;725;725;1;61;61;1;6
41;13;727;727;1;61;61;1;6
41;14;733;737;5;62;62;1;6
41;15;739;739;1;62;62;1;6
42;1;1;819;819;1;69;69;6
42;2;821;823;3;69;69;1;6
42;3;827;827;1;69;69;1;6
42;4;829;829;1;70;70;1;6
42;5;839;839;1;70;70;1;6
42;6;843;843;1;71;71;1;6
42;7;845;845;1;71;71;1;6
42;8;847;887;41;71;74;4;6
42;9;889;891;3;75;75;1;6
42;10;899;917;19;75;77;3;6
42;11;919;963;45;77;81;5;6
43;1;1;233;233;1;20;20;6
43;2;243;253;11;21;22;2;6
43;3;255;263;9;22;22;1;6
43;4;267;273;7;23;23;1;6
43;5;275;279;5;23;24;2;6
43;6;281;285;5;24;24;1;6
43;7;291;291;1;25;25;1;6
43;8;299;299;1;25;25;1;6
43;9;301;301;1;26;26;1;6
43;10;303;303;1;26;26;1;6
43;11;305;309;5;26;26;1;6
43;12;317;327;11;27;28;2;6
43;13;329;347;19;28;29;2;6
44;1;1;667;667;1;56;56;6
44;2;669;671;3;56;56;1;6
44;3;673;673;1;57;57;1;6
44;4;675;993;319;57;83;27;6
44;5;995;995;1;83;83;1;6
45;1;1;303;303;1;26;26;6
45;2;305;305;1;26;26;1;6
45;3;311;311;1;26;26;1;6
45;4;313;313;1;27;27;1;6
45;5;315;317;3;27;27;1;6
45;6;319;321;3;27;27;1;6
45;7;329;329;1;28;28;1;6
45;8;331;331;1;28;28;1;6
45;9;785;785;1;66;66;1;6
45;10;787;787;1;66;66;1;6
45;11;789;791;3;66;66;1;6
45;12;795;797;3;67;67;1;6
45;13;811;811;1;68;68;1;6
45;14;813;847;35;68;71;4;6
45;15;877;877;1;74;74;1;6
45;16;889;893;5;75;75;1;6
45;17;895;897;3;75;75;1;6
45;18;901;907;7;76;76;1;6
45;19;909;909;1;76;76;1;6
46;1;1;237;237;1;20;20;6
46;2;249;267;19;21;23;3;6
46;3;269;269;1;23;23;1;6
46;4;297;297;1;25;25;1;6
46;5;315;315;1;27;27;1;6
46;6;715;715;1;60;60;1;6
46;7;721;721;1;61;61;1;6
46;8;723;729;7;61;61;1;6
46;9;735;735;1;62;62;1;6
46;10;737;739;3;62;62;1;6
46;11;741;789;49;62;66;5;6
46;12;903;905;3;76;76;1;6
46;13;961;963;3;81;81;1;6
46;14;965;967;3;81;81;1;6
46;15;969;969;1;81;81;1;6
47;1;1;491;491;1;41;41;6
47;2;499;1000;502;42;84;43;6
48;1;1;71;71;1;6;6;6
48;2;75;101;27;7;9;3;6
48;3;423;441;19;36;37;2;6
48;4;443;445;3;37;38;2;6
48;5;447;447;1;38;38;1;6
48;6;449;449;1;38;38;1;6
48;7;453;453;1;38;38;1;6
48;8;457;459;3;39;39;1;6
48;9;481;483;3;41;41;1;6
48;10;487;509;23;41;43;3;6
48;11;513;515;3;43;43;1;6
48;12;537;543;7;45;46;2;6
48;13;545;547;3;46;46;1;6
48;14;549;557;9;46;47;2;6
48;15;567;655;89;48;55;8;6
48;16;663;663;1;56;56;1;6
48;17;665;665;1;56;56;1;6
48;18;671;721;51;56;61;6;6
48;19;723;723;1;61;61;1;6
48;20;727;729;3;61;61;1;6
48;21;731;733;3;61;62;2;6
48;22;735;789;55;62;66;5;6
48;23;791;793;3;66;67;2;6
48;24;799;813;15;67;68;2;6
48;25;815;819;5;68;69;2;6
48;26;841;841;1;71;71;1;6
48;27;893;893;1;75;75;1;6
48;28;903;903;1;76;76;1;6
48;29;917;931;15;77;78;2;6
48;30;933;939;7;78;79;2;6
48;31;941;1000;60;79;84;6;6
49;1;1;135;135;1;12;12;6
49;2;137;287;151;12;24;13;6
49;3;289;429;141;25;36;12;6
49;4;433;455;23;37;38;2;6
49;5;457;461;5;39;39;1;6
49;6;463;465;3;39;39;1;6
49;7;467;469;3;39;40;2;6
49;8;493;493;1;42;42;1;6
49;9;495;495;1;42;42;1;6
49;10;497;497;1;42;42;1;6
49;11;501;501;1;42;42;1;6
49;12;585;585;1;49;49;1;6
49;13;587;601;15;49;51;3;6
49;14;605;607;3;51;51;1;6
49;15;737;739;3;62;62;1;6
49;16;741;741;1;62;62;1;6
49;17;743;745;3;62;63;2;6
49;18;747;757;11;63;64;2;6
49;19;761;761;1;64;64;1;6
50;1;1;77;77;1;7;7;6
50;2;79;79;1;7;7;1;6
50;3;81;81;1;7;7;1;6
50;4;87;93;7;8;8;1;6
50;5;97;97;1;9;9;1;6
50;6;99;99;1;9;9;1;6
50;7;113;117;5;10;10;1;6
50;8;131;131;1;11;11;1;6
50;9;135;135;1;12;12;1;6
50;10;137;139;3;12;12;1;6
50;11;141;147;7;12;13;2;6
50;12;537;537;1;45;45;1;6
50;13;539;543;5;45;46;2;6
51;1;1;331;331;1;28;28;6
51;2;333;355;23;28;30;3;6
51;3;357;359;3;30;30;1;6
51;4;361;365;5;31;31;1;6
51;5;375;375;1;32;32;1;6
51;6;377;379;3;32;32;1;6
51;7;381;381;1;32;32;1;6
51;8;383;383;1;32;32;1;6
51;9;393;393;1;33;33;1;6
51;10;395;395;1;33;33;1;6
51;11;397;465;69;34;39;6;6
51;12;471;481;11;40;41;2;6
51;13;485;485;1;41;41;1;6
51;14;487;487;1;41;41;1;6
51;15;521;767;247;44;64;21;6
51;16;773;773;1;65;65;1;6
51;17;775;775;1;65;65;1;6
51;18;781;801;21;66;67;2;6
51;19;803;807;5;67;68;2;6
51;20;813;815;3;68;68;1;6
51;21;817;817;1;69;69;1;6
51;22;819;821;3;69;69;1;6
52;1;1;151;151;1;13;13;6
52;2;153;155;3;13;13;1;6
52;3;157;163;7;14;14;1;6
52;4;179;187;9;15;16;2;6
52;5;191;193;3;16;17;2;6
52;6;195;195;1;17;17;1;6
52;7;201;205;5;17;18;2;6
52;8;207;207;1;18;18;1;6
52;9;215;219;5;18;19;2;6
52;10;221;221;1;19;19;1;6
52;11;239;239;1;20;20;1;6
52;12;285;285;1;24;24;1;6
52;13;287;291;5;24;25;2;6
52;14;293;293;1;25;25;1;6
52;15;299;299;1;25;25;1;6
52;16;301;301;1;26;26;1;6
52;17;303;305;3;26;26;1;6
52;18;309;309;1;26;26;1;6
52;19;311;311;1;26;26;1;6
52;20;317;317;1;27;27;1;6
52;21;321;321;1;27;27;1;6
52;22;323;323;1;27;27;1;6
53;1;1;331;331;1;28;28;6
53;2;413;413;1;35;35;1;6
53;3;459;459;1;39;39;1;6
53;4;461;465;5;39;39;1;6
53;5;467;467;1;39;39;1;6
53;6;469;471;3;40;40;1;6
53;7;477;479;3;40;40;1;6
53;8;481;481;1;41;41;1;6
53;9;483;483;1;41;41;1;6
53;10;485;485;1;41;41;1;6
53;11;487;493;7;41;42;2;6
53;12;499;755;257;42;63;22;6
53;13;763;767;5;64;64;1;6
53;14;769;769;1;65;65;1;6
53;15;775;777;3;65;65;1;6
53;16;785;791;7;66;66;1;6
53;17;793;793;1;67;67;1;6
53;18;795;799;5;67;67;1;6
53;19;803;805;3;67;68;2;6
53;20;875;875;1;73;73;1;6
53;21;919;921;3;77;77;1;6
53;22;963;963;1;81;81;1;6
53;23;965;965;1;81;81;1;6
53;24;983;983;1;82;82;1;6
53;25;985;985;1;83;83;1;6
53;26;987;991;5;83;83;1;6
54;1;1;97;97;1;9;9;6
54;2;99;123;25;9;11;3;6
54;3;125;129;5;11;11;1;6
54;4;133;133;1;12;12;1;6
54;5;183;187;5;16;16;1;6
54;6;189;205;17;16;18;3;6
54;7;209;209;1;18;18;1;6
54;8;211;211;1;18;18;1;6
54;9;213;213;1;18;18;1;6
54;10;249;249;1;21;21;1;6
54;11;251;251;1;21;21;1;6
54;12;257;257;1;22;22;1;6
54;13;277;277;1;24;24;1;6
54;14;279;279;1;24;24;1;6
54;15;283;283;1;24;24;1;6
54;16;285;285;1;24;24;1;6
54;17;287;289;3;24;25;2;6
54;18;605;605;1;51;51;1;6
54;19;987;987;1;83;83;1;6
54;20;989;989;1;83;83;1;6
55;1;1;679;679;1;57;57;6
55;2;681;681;1;57;57;1;6
55;3;691;699;9;58;59;2;6
55;4;701;701;1;59;59;1;6
55;5;707;707;1;59;59;1;6
55;6;709;1000;292;60;84;25;6
56;1;1;55;55;1;5;5;6
56;2;57;57;1;5;5;1;6
56;3;59;61;3;5;6;2;6
56;4;63;63;1;6;6;1;6
56;5;65;73;9;6;7;2;6
56;6;85;85;1;8;8;1;6
56;7;87;87;1;8;8;1;6
56;8;305;305;1;26;26;1;6
57;1;1;111;111;1;10;10;6
57;2;113;151;39;10;13;4;6
57;3;565;567;3;48;48;1;6
57;4;569;575;7;48;48;1;6
57;5;577;589;13;49;50;2;6
57;6;591;591;1;50;50;1;6
57;7;597;599;3;50;50;1;6
57;8;603;607;5;51;51;1;6
57;9;609;621;13;51;52;2;6
58;1;1;109;109;1;10;10;6
58;2;111;117;7;10;10;1;6
58;3;121;125;5;11;11;1;6
58;4;127;145;19;11;13;3;6
58;5;147;147;1;13;13;1;6
58;6;163;339;177;14;29;16;6
58;7;343;343;1;29;29;1;6
58;8;363;365;3;31;31;1;6
58;9;369;369;1;31;31;1;6
58;10;373;373;1;32;32;1;6
58;11;387;387;1;33;33;1;6
58;12;391;391;1;33;33;1;6
58;13;395;395;1;33;33;1;6
58;14;397;397;1;34;34;1;6
58;15;401;427;27;34;36;3;6
58;16;429;537;109;36;45;10;6
58;17;539;539;1;45;45;1;6
58;18;543;553;11;46;47;2;6
58;19;555;633;79;47;53;7;6
58;20;639;649;11;54;55;2;6
58;21;655;669;15;55;56;2;6
58;22;671;671;1;56;56;1;6
58;23;679;679;1;57;57;1;6
58;24;681;681;1;57;57;1;6
58;25;683;735;53;57;62;6;6
58;26;737;801;65;62;67;6;6
58;27;805;805;1;68;68;1;6
59;1;1;117;117;1;10;10;6
59;2;151;153;3;13;13;1;6
59;3;239;239;1;20;20;1;6
59;4;243;293;51;21;25;5;6
59;5;297;297;1;25;25;1;6
59;6;299;299;1;25;25;1;6
59;7;301;301;1;26;26;1;6
59;8;361;361;1;31;31;1;6
59;9;367;369;3;31;31;1;6
59;10;371;371;1;31;31;1;6
59;11;373;373;1;32;32;1;6
59;12;375;375;1;32;32;1;6
59;13;381;383;3;32;32;1;6
59;14;389;389;1;33;33;1;6
59;15;437;437;1;37;37;1;6
59;16;439;439;1;37;37;1;6
59;17;441;443;3;37;37;1;6
59;18;447;447;1;38;38;1;6
59;19;471;471;1;40;40;1;6
59;20;473;473;1;40;40;1;6
59;21;475;545;71;40;46;7;6
59;22;551;567;17;46;48;3;6
60;1;1;153;153;1;13;13;6
60;2;155;155;1;13;13;1;6
60;3;159;163;5;14;14;1;6
60;4;169;169;1;15;15;1;6
60;5;171;171;1;15;15;1;6
60;6;173;175;3;15;15;1;6
60;7;177;201;25;15;17;3;6
60;8;215;215;1;18;18;1;6
60;9;499;499;1;42;42;1;6
60;10;501;541;41;42;46;5;6
60;11;723;733;11;61;62;2;6
61;1;1;159;159;1;14;14;6
61;2;163;205;43;14;18;5;6
61;3;207;207;1;18;18;1;6
61;4;209;209;1;18;18;1;6
61;5;219;219;1;19;19;1;6
61;6;227;227;1;19;19;1;6
61;7;229;231;3;20;20;1;6
61;8;233;233;1;20;20;1;6
61;9;235;235;1;20;20;1;6
61;10;237;313;77;20;27;8;6
61;11;315;315;1;27;27;1;6
61;12;331;345;15;28;29;2;6
61;13;353;353;1;30;30;1;6
61;14;355;357;3;30;30;1;6
61;15;359;359;1;30;30;1;6
61;16;365;365;1;31;31;1;6
61;17;369;373;5;31;32;2;6
61;18;375;377;3;32;32;1;6
61;19;379;379;1;32;32;1;6
61;20;381;421;41;32;36;5;6
61;21;423;423;1;36;36;1;6
61;22;425;425;1;36;36;1;6
61;23;429;451;23;36;38;3;6
61;24;453;455;3;38;38;1;6
61;25;457;457;1;39;39;1;6
61;26;461;469;9;39;40;2;6
61;27;673;675;3;57;57;1;6
61;28;679;685;7;57;58;2;6
61;29;687;687;1;58;58;1;6
61;30;689;689;1;58;58;1;6
61;31;695;743;49;58;62;5;6
61;32;745;745;1;63;63;1;6
61;33;749;749;1;63;63;1;6
61;34;751;1000;250;63;84;22;6
62;1;1;193;193;1;17;17;6
62;2;195;195;1;17;17;1;6
62;3;197;199;3;17;17;1;6
62;4;201;259;59;17;22;6;6
62;5;275;275;1;23;23;1;6
62;6;277;363;87;24;31;8;6
62;7;367;367;1;31;31;1;6
62;8;369;369;1;31;31;1;6
62;9;371;371;1;31;31;1;6
62;10;373;411;39;32;35;4;6
62;11;413;415;3;35;35;1;6
63;1;1;325;325;1;28;28;6
63;2;327;331;5;28;28;1;6
63;3;337;337;1;29;29;1;6
63;4;339;339;1;29;29;1;6
63;5;341;341;1;29;29;1;6
63;6;345;347;3;29;29;1;6
63;7;357;359;3;30;30;1;6
63;8;361;361;1;31;31;1;6
63;9;363;363;1;31;31;1;6
63;10;365;365;1;31;31;1;6
63;11;373;373;1;32;32;1;6
63;12;375;377;3;32;32;1;6
64;1;1;95;95;1;8;8;6
64;2;99;99;1;9;9;1;6
64;3;103;103;1;9;9;1;6
64;4;105;105;1;9;9;1;6
64;5;111;119;9;10;10;1;6
64;6;131;143;13;11;12;2;6
64;7;145;147;3;13;13;1;6
64;8;159;189;31;14;16;3;6
64;9;193;193;1;17;17;1;6
64;10;197;197;1;17;17;1;6
64;11;227;227;1;19;19;1;6
64;12;231;231;1;20;20;1;6
64;13;239;239;1;20;20;1;6
64;14;241;247;7;21;21;1;6
64;15;251;251;1;21;21;1;6
64;16;253;253;1;22;22;1;6
64;17;257;265;9;22;23;2;6
64;18;267;269;3;23;23;1;6
64;19;271;273;3;23;23;1;6
64;20;275;279;5;23;24;2;6
64;21;323;323;1;27;27;1;6
64;22;335;401;67;28;34;7;6
64;23;403;403;1;34;34;1;6
64;24;405;413;9;34;35;2;6
64;25;415;415;1;35;35;1;6
64;26;417;531;115;35;45;11;6
64;27;533;533;1;45;45;1;6
64;28;535;535;1;45;45;1;6
64;29;541;543;3;46;46;1;6
64;30;545;547;3;46;46;1;6
64;31;549;551;3;46;46;1;6
64;32;553;553;1;47;47;1;6
64;33;555;555;1;47;47;1;6
64;34;611;613;3;51;52;2;6
64;35;617;619;3;52;52;1;6
64;36;623;627;5;52;53;2;6
64;37;629;629;1;53;53;1;6
64;38;677;677;1;57;57;1;6
64;39;679;679;1;57;57;1;6
64;40;681;689;9;57;58;2;6
64;41;691;735;45;58;62;5;6
64;42;827;827;1;69;69;1;6
64;43;829;847;19;70;71;2;6
64;44;849;849;1;71;71;1;6
64;45;855;867;13;72;73;2;6
65;1;1;205;205;1;18;18;6
65;2;207;209;3;18;18;1;6
66;1;1;345;345;1;29;29;6
66;2;351;355;5;30;30;1;6
66;3;369;371;3;31;31;1;6
66;4;373;379;7;32;32;1;6
66;5;391;407;17;33;34;2;6
66;6;409;409;1;35;35;1;6
66;7;533;543;11;45;46;2;6
66;8;553;553;1;47;47;1;6
66;9;557;557;1;47;47;1;6
66;10;559;581;23;47;49;3;6
67;1;1;113;113;1;10;10;6
67;2;119;119;1;10;10;1;6
67;3;121;121;1;11;11;1;6
67;4;185;185;1;16;16;1;6
67;5;187;187;1;16;16;1;6
67;6;189;189;1;16;16;1;6
67;7;195;365;171;17;31;15;6
67;8;367;369;3;31;31;1;6
67;9;371;387;17;31;33;3;6
67;10;389;389;1;33;33;1;6
67;11;391;391;1;33;33;1;6
67;12;397;397;1;34;34;1;6
67;13;399;405;7;34;34;1;6
67;14;419;427;9;35;36;2;6
67;15;445;445;1;38;38;1;6
67;16;453;455;3;38;38;1;6
67;17;493;543;51;42;46;5;6
67;18;545;545;1;46;46;1;6
67;19;547;547;1;46;46;1;6
67;20;551;551;1;46;46;1;6
67;21;555;555;1;47;47;1;6
67;22;557;563;7;47;47;1;6
67;23;565;565;1;48;48;1;6
67;24;567;567;1;48;48;1;6
67;25;569;569;1;48;48;1;6
67;26;575;625;51;48;53;6;6
67;27;627;627;1;53;53;1;6
67;28;645;645;1;54;54;1;6
67;29;711;713;3;60;60;1;6
67;30;715;715;1;60;60;1;6
67;31;717;719;3;60;60;1;6
67;32;727;727;1;61;61;1;6
67;33;729;755;27;61;63;3;6
67;34;771;791;21;65;66;2;6
67;35;795;795;1;67;67;1;6
67;36;797;855;59;67;72;6;6
67;37;857;857;1;72;72;1;6
67;38;871;871;1;73;73;1;6
67;39;873;873;1;73;73;1;6
67;40;881;1000;120;74;84;11;6
68;1;1;89;89;1;8;8;6
68;2;91;91;1;8;8;1;6
68;3;95;95;1;8;8;1;6
68;4;97;97;1;9;9;1;6
68;5;107;119;13;9;10;2;6
68;6;121;121;1;11;11;1;6
68;7;123;123;1;11;11;1;6
68;8;125;125;1;11;11;1;6
68;9;127;135;9;11;12;2;6
68;10;137;137;1;12;12;1;6
68;11;139;139;1;12;12;1;6
68;12;153;153;1;13;13;1;6
68;13;155;155;1;13;13;1;6
68;14;181;183;3;16;16;1;6
68;15;185;199;15;16;17;2;6
68;16;357;357;1;30;30;1;6
68;17;359;359;1;30;30;1;6
68;18;401;407;7;34;34;1;6
68;19;409;409;1;35;35;1;6
68;20;411;413;3;35;35;1;6
68;21;415;421;7;35;36;2;6
68;22;425;425;1;36;36;1;6
68;23;427;427;1;36;36;1;6
68;24;429;429;1;36;36;1;6
69;1;1;119;119;1;10;10;6
69;2;123;123;1;11;11;1;6
69;3;135;135;1;12;12;1;6
69;4;137;159;23;12;14;3;6
69;5;637;639;3;54;54;1;6
69;6;641;649;9;54;55;2;6
69;7;651;651;1;55;55;1;6
69;8;653;653;1;55;55;1;6
69;9;655;655;1;55;55;1;6
69;10;657;657;1;55;55;1;6
69;11;675;675;1;57;57;1;6
69;12;677;677;1;57;57;1;6
69;13;681;681;1;57;57;1;6
69;14;689;697;9;58;59;2;6
69;15;723;729;7;61;61;1;6
69;16;731;731;1;61;61;1;6
69;17;733;739;7;62;62;1;6
69;18;741;741;1;62;62;1;6
69;19;887;887;1;74;74;1;6
69;20;889;915;27;75;77;3;6
69;21;917;987;71;77;83;7;6
69;22;989;989;1;83;83;1;6
69;23;991;1000;10;83;84;2;6
70;1;1;165;165;1;14;14;6
70;2;169;175;7;15;15;1;6
70;3;179;181;3;15;16;2;6
70;4;209;209;1;18;18;1;6
70;5;211;211;1;18;18;1;6
70;6;213;215;3;18;18;1;6
70;7;217;255;39;19;22;4;6
70;8;257;261;5;22;22;1;6
70;9;263;263;1;22;22;1;6
70;10;267;267;1;23;23;1;6
70;11;269;269;1;23;23;1;6
70;12;275;329;55;23;28;6;6
70;13;331;333;3;28;28;1;6
70;14;335;337;3;28;29;2;6
70;15;341;349;9;29;30;2;6
70;16;351;351;1;30;30;1;6
70;17;353;353;1;30;30;1;6
70;18;377;377;1;32;32;1;6
70;19;397;397;1;34;34;1;6
70;20;403;405;3;34;34;1;6
70;21;407;407;1;34;34;1;6
71;1;1;45;45;1;4;4;6
71;2;47;63;17;4;6;3;6
71;3;65;77;13;6;7;2;6
71;4;79;79;1;7;7;1;6
71;5;89;89;1;8;8;1;6
71;6;91;91;1;8;8;1;6
71;7;95;101;7;8;9;2;6
71;8;109;215;107;10;18;9;6
71;9;217;225;9;19;19;1;6
71;10;227;227;1;19;19;1;6
71;11;229;233;5;20;20;1;6
71;12;235;239;5;20;20;1;6
71;13;241;241;1;21;21;1;6
71;14;243;305;63;21;26;6;6
71;15;307;335;29;26;28;3;6
71;16;337;337;1;29;29;1;6
71;17;339;347;9;29;29;1;6
71;18;349;349;1;30;30;1;6
71;19;351;353;3;30;30;1;6
71;20;355;647;293;30;54;25;6
71;21;649;651;3;55;55;1;6
71;22;657;657;1;55;55;1;6
71;23;661;661;1;56;56;1;6
72;1;1;353;353;1;30;30;6
72;2;385;393;9;33;33;1;6
73;1;1;355;355;1;30;30;6
73;2;357;357;1;30;30;1;6
73;3;365;367;3;31;31;1;6
73;4;369;375;7;31;32;2;6
73;5;377;377;1;32;32;1;6
73;6;379;379;1;32;32;1;6
73;7;391;393;3;33;33;1;6
73;8;395;399;5;33;34;2;6
73;9;405;429;25;34;36;3;6
73;10;431;431;1;36;36;1;6
73;11;433;433;1;37;37;1;6
73;12;435;435;1;37;37;1;6
73;13;467;467;1;39;39;1;6
73;14;481;723;243;41;61;21;6
73;15;735;1000;266;62;84;23;6
74;1;1;89;89;1;8;8;6
74;2;91;91;1;8;8;1;6
74;3;93;99;7;8;9;2;6
74;4;133;135;3;12;12;1;6
74;5;139;139;1;12;12;1;6
74;6;147;147;1;13;13;1;6
74;7;149;149;1;13;13;1;6
74;8;163;179;17;14;15;2;6
74;9;897;897;1;75;75;1;6
74;10;901;901;1;76;76;1;6
74;11;913;915;3;77;77;1;6
74;12;917;917;1;77;77;1;6
75;1;1;1000;1000;1;84;84;6
76;1;1;205;205;1;18;18;6
76;2;207;207;1;18;18;1;6
76;3;231;231;1;20;20;1;6
76;4;265;265;1;23;23;1;6
76;5;269;269;1;23;23;1;6
76;6;271;271;1;23;23;1;6
76;7;273;291;19;23;25;3;6
76;8;297;297;1;25;25;1;6
76;9;303;303;1;26;26;1;6
76;10;375;375;1;32;32;1;6
76;11;377;377;1;32;32;1;6
76;12;379;381;3;32;32;1;6
76;13;383;383;1;32;32;1;6
76;14;421;427;7;36;36;1;6
76;15;429;429;1;36;36;1;6
76;16;439;439;1;37;37;1;6
76;17;441;441;1;37;37;1;6
76;18;443;443;1;37;37;1;6
76;19;451;451;1;38;38;1;6
76;20;455;455;1;38;38;1;6
76;21;457;457;1;39;39;1;6
76;22;459;459;1;39;39;1;6
76;23;461;469;9;39;40;2;6
76;24;475;481;7;40;41;2;6
76;25;555;555;1;47;47;1;6
76;26;557;559;3;47;47;1;6
76;27;585;585;1;49;49;1;6
76;28;587;593;7;49;50;2;6
76;29;597;607;11;50;51;2;6
76;30;611;711;101;51;60;10;6
76;31;719;791;73;60;66;7;6
76;32;841;841;1;71;71;1;6
76;33;843;871;29;71;73;3;6
76;34;873;879;7;73;74;2;6
76;35;903;909;7;76;76;1;6
76;36;911;911;1;76;76;1;6
77;1;1;249;249;1;21;21;6
77;2;269;283;15;23;24;2;6
77;3;287;287;1;24;24;1;6
77;4;291;291;1;25;25;1;6
77;5;353;359;7;30;30;1;6
77;6;367;369;3;31;31;1;6
77;7;371;375;5;31;32;2;6
77;8;377;377;1;32;32;1;6
77;9;385;385;1;33;33;1;6
77;10;449;449;1;38;38;1;6
77;11;457;467;11;39;39;1;6
77;12;499;585;87;42;49;8;6
77;13;593;599;7;50;50;1;6
77;14;613;613;1;52;52;1;6
77;15;615;617;3;52;52;1;6
77;16;623;667;45;52;56;5;6
77;17;677;677;1;57;57;1;6
77;18;687;737;51;58;62;5;6
77;19;739;743;5;62;62;1;6
78;1;1;33;33;1;3;3;6
78;2;35;67;33;3;6;4;6
78;3;69;69;1;6;6;1;6
78;4;199;199;1;17;17;1;6
78;5;203;203;1;17;17;1;6
78;6;205;205;1;18;18;1;6
78;7;207;223;17;18;19;2;6
78;8;225;227;3;19;19;1;6
78;9;231;231;1;20;20;1;6
78;10;233;233;1;20;20;1;6
78;11;235;855;621;20;72;53;6
78;12;859;859;1;72;72;1;6
78;13;861;1000;140;72;84;13;6
79;1;1;191;191;1;16;16;6
79;2;193;193;1;17;17;1;6
79;3;195;195;1;17;17;1;6
79;4;209;219;11;18;19;2;6
79;5;221;223;3;19;19;1;6
79;6;263;359;97;22;30;9;6
79;7;361;367;7;31;31;1;6
79;8;369;457;89;31;39;9;6
79;9;459;459;1;39;39;1;6
79;10;461;461;1;39;39;1;6
79;11;463;477;15;39;40;2;6
79;12;481;483;3;41;41;1;6
79;13;485;485;1;41;41;1;6
79;14;507;507;1;43;43;1;6
79;15;509;517;9;43;44;2;6
79;16;633;637;5;53;54;2;6
79;17;639;643;5;54;54;1;6
79;18;713;713;1;60;60;1;6
79;19;715;715;1;60;60;1;6
79;20;721;907;187;61;76;16;6
80;1;1;93;93;1;8;8;6
80;2;191;191;1;16;16;1;6
81;1;1;443;443;1;37;37;6
81;2;447;651;205;38;55;18;6
81;3;655;655;1;55;55;1;6
81;4;657;657;1;55;55;1;6
81;5;669;669;1;56;56;1;6
81;6;671;675;5;56;57;2;6
81;7;677;677;1;57;57;1;6
81;8;679;775;97;57;65;9;6
81;9;777;921;145;65;77;13;6
81;10;923;923;1;77;77;1;6
81;11;925;1000;76;78;84;7;6
82;1;1;121;121;1;11;11;6
82;2;123;157;35;11;14;4;6
82;3;159;159;1;14;14;1;6
82;4;161;171;11;14;15;2;6
82;5;173;187;15;15;16;2;6
82;6;189;191;3;16;16;1;6
82;7;213;215;3;18;18;1;6
82;8;217;281;65;19;24;6;6
82;9;283;309;27;24;26;3;6
82;10;311;315;5;26;27;2;6
82;11;317;317;1;27;27;1;6
82;12;319;319;1;27;27;1;6
82;13;325;329;5;28;28;1;6
82;14;331;347;17;28;29;2;6
82;15;355;355;1;30;30;1;6
82;16;509;509;1;43;43;1;6
82;17;511;511;1;43;43;1;6
82;18;517;541;25;44;46;3;6
82;19;543;543;1;46;46;1;6
82;20;547;547;1;46;46;1;6
83;1;1;69;69;1;6;6;6
83;2;89;99;11;8;9;2;6
83;3;101;147;47;9;13;5;6
83;4;149;149;1;13;13;1;6
83;5;151;151;1;13;13;1;6
83;6;153;155;3;13;13;1;6
83;7;157;157;1;14;14;1;6
83;8;159;159;1;14;14;1;6
83;9;161;161;1;14;14;1;6
83;10;723;723;1;61;61;1;6
83;11;725;725;1;61;61;1;6
83;12;729;729;1;61;61;1;6
83;13;731;735;5;61;62;2;6
83;14;737;743;7;62;62;1;6
83;15;809;947;139;68;79;12;6
83;16;961;961;1;81;81;1;6
83;17;969;971;3;81;81;1;6
84;1;1;483;483;1;41;41;6
84;2;493;493;1;42;42;1;6
84;3;497;503;7;42;42;1;6
84;4;505;509;5;43;43;1;6
84;5;523;523;1;44;44;1;6
84;6;541;541;1;46;46;1;6
84;7;543;869;327;46;73;28;6
84;8;881;883;3;74;74;1;6
84;9;885;885;1;74;74;1;6
84;10;887;887;1;74;74;1;6
84;11;903;905;3;76;76;1;6
84;12;907;907;1;76;76;1;6
84;13;909;909;1;76;76;1;6
85;1;1;157;157;1;14;14;6
85;2;159;171;13;14;15;2;6
85;3;173;173;1;15;15;1;6
85;4;193;199;7;17;17;1;6
85;5;201;239;39;17;20;4;6
85;6;241;247;7;21;21;1;6
85;7;255;255;1;22;22;1;6
85;8;257;353;97;22;30;9;6
85;9;355;383;29;30;32;3;6
85;10;387;387;1;33;33;1;6
85;11;451;457;7;38;39;2;6
85;12;461;475;15;39;40;2;6
85;13;541;545;5;46;46;1;6
85;14;599;605;7;50;51;2;6
85;15;609;609;1;51;51;1;6
85;16;611;611;1;51;51;1;6
85;17;613;619;7;52;52;1;6
86;1;1;103;103;1;9;9;6
86;2;105;111;7;9;10;2;6
86;3;113;145;33;10;13;4;6
86;4;153;337;185;13;29;17;6
86;5;343;343;1;29;29;1;6
86;6;345;353;9;29;30;2;6
86;7;457;457;1;39;39;1;6
86;8;459;459;1;39;39;1;6
86;9;461;461;1;39;39;1;6
86;10;467;469;3;39;40;2;6
86;11;471;477;7;40;40;1;6
86;12;491;491;1;41;41;1;6
86;13;501;517;17;42;44;3;6
86;14;571;571;1;48;48;1;6
86;15;573;577;5;48;49;2;6
86;16;581;585;5;49;49;1;6
87;1;1;103;103;1;9;9;6
87;2;107;111;5;9;10;2;6
87;3;113;113;1;10;10;1;6
87;4;121;127;7;11;11;1;6
87;5;129;129;1;11;11;1;6
87;6;165;165;1;14;14;1;6
87;7;177;195;19;15;17;3;6
87;8;197;197;1;17;17;1;6
87;9;199;209;11;17;18;2;6
87;10;211;213;3;18;18;1;6
87;11;225;323;99;19;27;9;6
87;12;325;355;31;28;30;3;6
87;13;361;363;3;31;31;1;6
87;14;365;373;9;31;32;2;6
87;15;375;397;23;32;34;3;6
87;16;399;399;1;34;34;1;6
87;17;401;787;387;34;66;33;6
88;1;1;283;283;1;24;24;6
88;2;295;295;1;25;25;1;6
88;3;297;297;1;25;25;1;6
88;4;299;299;1;25;25;1;6
88;5;301;301;1;26;26;1;6
88;6;303;467;165;26;39;14;6
88;7;469;469;1;40;40;1;6
88;8;471;695;225;40;58;19;6
88;9;697;841;145;59;71;13;6
88;10;843;851;9;71;71;1;6
88;11;853;853;1;72;72;1;6
88;12;861;863;3;72;72;1;6
88;13;865;865;1;73;73;1;6
88;14;945;945;1;79;79;1;6
88;15;951;951;1;80;80;1;6
88;16;953;1000;48;80;84;5;6
89;1;1;127;127;1;11;11;6
89;2;135;135;1;12;12;1;6
89;3;137;137;1;12;12;1;6
89;4;141;143;3;12;12;1;6
89;5;145;147;3;13;13;1;6
89;6;149;155;7;13;13;1;6
89;7;157;187;31;14;16;3;6
89;8;191;191;1;16;16;1;6
89;9;195;203;9;17;17;1;6
89;10;205;205;1;18;18;1;6
89;11;267;269;3;23;23;1;6
89;12;271;1000;730;23;84;62;6
90;1;1;99;99;1;9;9;6
90;2;235;235;1;20;20;1;6
90;3;237;245;9;20;21;2;6
90;4;331;331;1;28;28;1;6
90;5;337;337;1;29;29;1;6
90;6;345;351;7;29;30;2;6
90;7;353;381;29;30;32;3;6
90;8;411;413;3;35;35;1;6
90;9;467;467;1;39;39;1;6
90;10;469;471;3;40;40;1;6
90;11;491;491;1;41;41;1;6
90;12;493;539;47;42;45;4;6
90;13;545;545;1;46;46;1;6
90;14;547;553;7;46;47;2;6
90;15;555;557;3;47;47;1;6
90;16;559;567;9;47;48;2;6
90;17;571;577;7;48;49;2;6
90;18;583;583;1;49;49;1;6
90;19;591;593;3;50;50;1;6
90;20;597;599;3;50;50;1;6
90;21;601;601;1;51;51;1;6
90;22;603;603;1;51;51;1;6
90;23;605;605;1;51;51;1;6
90;24;607;639;33;51;54;4;6
90;25;647;647;1;54;54;1;6
90;26;649;661;13;55;56;2;6
90;27;663;665;3;56;56;1;6
90;28;671;675;5;56;57;2;6
90;29;677;677;1;57;57;1;6
90;30;679;683;5;57;57;1;6
90;31;685;689;5;58;58;1;6
90;32;691;691;1;58;58;1;6
90;33;695;757;63;58;64;7;6
90;34;761;761;1;64;64;1;6
90;35;763;763;1;64;64;1;6
90;36;765;765;1;64;64;1;6
90;37;767;769;3;64;65;2;6
90;38;793;967;175;67;81;15;6
90;39;969;1000;32;81;84;4;6
91;1;1;135;135;1;12;12;6
91;2;147;187;41;13;16;4;6
91;3;259;259;1;22;22;1;6
91;4;261;263;3;22;22;1;6
91;5;277;279;3;24;24;1;6
91;6;283;283;1;24;24;1;6
91;7;285;285;1;24;24;1;6
91;8;287;311;25;24;26;3;6
91;9;315;315;1;27;27;1;6
91;10;369;369;1;31;31;1;6
91;11;371;371;1;31;31;1;6
91;12;375;377;3;32;32;1;6
91;13;381;383;3;32;32;1;6
91;14;385;463;79;33;39;7;6
91;15;465;465;1;39;39;1;6
91;16;471;471;1;40;40;1;6
91;17;473;473;1;40;40;1;6
91;18;475;475;1;40;40;1;6
91;19;491;491;1;41;41;1;6
92;1;1;101;101;1;9;9;6
92;2;339;345;7;29;29;1;6
92;3;349;349;1;30;30;1;6
92;4;351;351;1;30;30;1;6
92;5;353;353;1;30;30;1;6
92;6;355;355;1;30;30;1;6
92;7;359;359;1;30;30;1;6
92;8;361;361;1;31;31;1;6
92;9;363;367;5;31;31;1;6
92;10;401;403;3;34;34;1;6
92;11;407;407;1;34;34;1;6
92;12;409;493;85;35;42;8;6
92;13;495;495;1;42;42;1;6
92;14;521;531;11;44;45;2;6
92;15;535;535;1;45;45;1;6
92;16;539;541;3;45;46;2;6
92;17;549;549;1;46;46;1;6
92;18;603;603;1;51;51;1;6
93;1;1;187;187;1;16;16;6
93;2;189;189;1;16;16;1;6
93;3;201;201;1;17;17;1;6
93;4;203;327;125;17;28;12;6
93;5;329;329;1;28;28;1;6
93;6;331;331;1;28;28;1;6
94;1;1;127;127;1;11;11;6
94;2;129;171;43;11;15;5;6
94;3;281;287;7;24;24;1;6
95;1;1;363;363;1;31;31;6
95;2;769;769;1;65;65;1;6
95;3;771;781;11;65;66;2;6
95;4;787;791;5;66;66;1;6
95;5;793;793;1;67;67;1;6
95;6;795;1000;206;67;84;18;6
96;1;1;91;91;1;8;8;6
96;2;101;101;1;9;9;1;6
96;3;103;103;1;9;9;1;6
96;4;133;133;1;12;12;1;6
96;5;139;139;1;12;12;1;6
96;6;143;143;1;12;12;1;6
96;7;145;153;9;13;13;1;6
96;8;211;211;1;18;18;1;6
96;9;213;213;1;18;18;1;6
96;10;215;215;1;18;18;1;6
96;11;529;1000;472;45;84;40;6
97;1;1;53;53;1;5;5;6
97;2;55;55;1;5;5;1;6
97;3;57;57;1;5;5;1;6
97;4;59;61;3;5;6;2;6
97;5;63;67;5;6;6;1;6
97;6;69;69;1;6;6;1;6
97;7;71;71;1;6;6;1;6
97;8;77;105;29;7;9;3;6
97;9;113;115;3;10;10;1;6
97;10;117;117;1;10;10;1;6
97;11;121;123;3;11;11;1;6
97;12;125;125;1;11;11;1;6
97;13;127;175;49;11;15;5;6
97;14;177;183;7;15;16;2;6
97;15;191;197;7;16;17;2;6
97;16;217;217;1;19;19;1;6
97;17;247;247;1;21;21;1;6
97;18;253;253;1;22;22;1;6
97;19;269;269;1;23;23;1;6
97;20;271;271;1;23;23;1;6
97;21;273;273;1;23;23;1;6
97;22;275;275;1;23;23;1;6
98;1;1;193;193;1;17;17;6
98;2;197;197;1;17;17;1;6
98;3;199;199;1;17;17;1;6
98;4;201;211;11;17;18;2;6
98;5;213;213;1;18;18;1;6
98;6;599;621;23;50;52;3;6
98;7;623;673;51;52;57;6;6
98;8;681;719;39;57;60;4;6
98;9;737;741;5;62;62;1;6
98;10;777;797;21;65;67;3;6
98;11;799;799;1;67;67;1;6
98;12;801;803;3;67;67;1;6
99;1;1;131;131;1;11;11;6
99;2;133;133;1;12;12;1;6
99;3;145;165;21;13;14;2;6
99;4;167;167;1;14;14;1;6
99;5;173;195;23;15;17;3;6
99;6;267;267;1;23;23;1;6
99;7;269;275;7;23;23;1;6
99;8;327;327;1;28;28;1;6
99;9;331;331;1;28;28;1;6
99;10;333;337;5;28;29;2;6
99;11;365;365;1;31;31;1;6
99;12;419;429;11;35;36;2;6
99;13;439;439;1;37;37;1;6
99;14;441;441;1;37;37;1;6
99;15;445;445;1;38;38;1;6
99;16;447;449;3;38;38;1;6
100;1;1;195;195;1;17;17;6
100;2;197;201;5;17;17;1;6
100;3;219;219;1;19;19;1;6
100;4;221;223;3;19;19;1;6
100;5;227;227;1;19;19;1;6
100;6;253;253;1;22;22;1;6
100;7;255;255;1;22;22;1;6
100;8;259;259;1;22;22;1;6
100;9;261;261;1;22;22;1;6
100;10;265;265;1;23;23;1;6
100;11;269;269;1;23;23;1;6
100;12;273;273;1;23;23;1;6
100;13;275;313;39;23;27;5;6
100;14;319;321;3;27;27;1;6
100;15;323;323;1;27;27;1;6
100;16;325;329;5;28;28;1;6
100;17;331;331;1;28;28;1;6
100;18;429;429;1;36;36;1;6
100;19;431;431;1;36;36;1;6
100;20;433;435;3;37;37;1;6
100;21;437;437;1;37;37;1;6
4;1;352;352;1;30;30;1;7
4;2;354;360;7;30;30;1;7
4;3;376;376;1;32;32;1;7
4;4;378;382;5;32;32;1;7
4;5;910;922;13;76;77;2;7
4;6;930;930;1;78;78;1;7
7;1;238;246;9;20;21;2;7
7;2;256;256;1;22;22;1;7
7;3;288;288;1;24;24;1;7
7;4;290;290;1;25;25;1;7
7;5;292;296;5;25;25;1;7
7;6;298;298;1;25;25;1;7
7;7;304;304;1;26;26;1;7
7;8;306;320;15;26;27;2;7
7;9;326;326;1;28;28;1;7
7;10;388;388;1;33;33;1;7
7;11;390;390;1;33;33;1;7
7;12;402;406;5;34;34;1;7
7;13;408;412;5;34;35;2;7
7;14;414;432;19;35;36;2;7
7;15;434;442;9;37;37;1;7
7;16;444;454;11;37;38;2;7
7;17;456;456;1;38;38;1;7
7;18;458;458;1;39;39;1;7
7;19;474;476;3;40;40;1;7
7;20;486;486;1;41;41;1;7
7;21;510;510;1;43;43;1;7
7;22;516;516;1;43;43;1;7
7;23;524;524;1;44;44;1;7
7;24;526;526;1;44;44;1;7
7;25;534;534;1;45;45;1;7
7;26;536;536;1;45;45;1;7
7;27;538;538;1;45;45;1;7
10;1;526;526;1;44;44;1;7
10;2;530;532;3;45;45;1;7
10;3;542;542;1;46;46;1;7
10;4;544;544;1;46;46;1;7
10;5;546;546;1;46;46;1;7
10;6;548;548;1;46;46;1;7
10;7;550;550;1;46;46;1;7
10;8;608;612;5;51;51;1;7
10;9;614;616;3;52;52;1;7
10;10;638;638;1;54;54;1;7
10;11;640;640;1;54;54;1;7
10;12;642;642;1;54;54;1;7
10;13;852;860;9;71;72;2;7
10;14;870;878;9;73;74;2;7
10;15;882;882;1;74;74;1;7
10;16;884;884;1;74;74;1;7
10;17;886;1000;115;74;84;11;7
22;1;166;166;1;14;14;1;7
22;2;168;170;3;14;15;2;7
22;3;174;174;1;15;15;1;7
22;4;176;176;1;15;15;1;7
22;5;184;184;1;16;16;1;7
22;6;200;202;3;17;17;1;7
22;7;226;226;1;19;19;1;7
22;8;228;228;1;19;19;1;7
22;9;372;372;1;31;31;1;7
22;10;374;376;3;32;32;1;7
22;11;390;390;1;33;33;1;7
22;12;392;394;3;33;33;1;7
22;13;416;416;1;35;35;1;7
34;1;308;310;3;26;26;1;7
34;2;312;322;11;26;27;2;7
35;1;62;64;3;6;6;1;7
35;2;74;74;1;7;7;1;7
35;3;78;92;15;7;8;2;7
35;4;94;102;9;8;9;2;7
35;5;104;104;1;9;9;1;7
35;6;108;108;1;9;9;1;7
35;7;110;110;1;10;10;1;7
35;8;112;112;1;10;10;1;7
35;9;114;116;3;10;10;1;7
35;10;118;124;7;10;11;2;7
35;11;206;218;13;18;19;2;7
35;12;230;230;1;20;20;1;7
35;13;266;270;5;23;23;1;7
35;14;272;272;1;23;23;1;7
35;15;274;274;1;23;23;1;7
35;16;278;278;1;24;24;1;7
35;17;280;300;21;24;25;2;7
35;18;304;304;1;26;26;1;7
35;19;314;314;1;27;27;1;7
35;20;376;378;3;32;32;1;7
35;21;380;382;3;32;32;1;7
36;1;864;864;1;72;72;1;7
36;2;866;866;1;73;73;1;7
36;3;868;872;5;73;73;1;7
36;4;874;874;1;73;73;1;7
36;5;876;876;1;73;73;1;7
36;6;892;898;7;75;75;1;7
36;7;974;974;1;82;82;1;7
36;8;976;976;1;82;82;1;7
40;1;486;486;1;41;41;1;7
40;2;488;488;1;41;41;1;7
40;3;490;490;1;41;41;1;7
40;4;492;492;1;41;41;1;7
40;5;494;524;31;42;44;3;7
40;6;526;530;5;44;45;2;7
40;7;532;534;3;45;45;1;7
40;8;536;540;5;45;45;1;7
40;9;542;546;5;46;46;1;7
40;10;616;616;1;52;52;1;7
40;11;622;622;1;52;52;1;7
40;12;638;652;15;54;55;2;7
40;13;662;662;1;56;56;1;7
40;14;664;664;1;56;56;1;7
41;1;518;518;1;44;44;1;7
41;2;530;530;1;45;45;1;7
47;1;688;688;1;58;58;1;7
47;2;698;698;1;59;59;1;7
47;3;700;710;11;59;60;2;7
47;4;712;720;9;60;60;1;7
47;5;746;752;7;63;63;1;7
47;6;754;788;35;63;66;4;7
47;7;796;796;1;67;67;1;7
47;8;806;814;9;68;68;1;7
47;9;816;816;1;68;68;1;7
51;1;174;174;1;15;15;1;7
51;2;182;198;17;16;17;2;7
51;3;202;202;1;17;17;1;7
51;4;210;210;1;18;18;1;7
66;1;274;298;25;23;25;3;7
75;1;250;250;1;21;21;1;7
75;2;464;464;1;39;39;1;7
75;3;466;466;1;39;39;1;7
75;4;478;478;1;40;40;1;7
75;5;480;480;1;40;40;1;7
75;6;482;482;1;41;41;1;7
75;7;496;496;1;42;42;1;7
75;8;498;498;1;42;42;1;7
75;9;500;500;1;42;42;1;7
75;10;726;736;11;61;62;2;7
75;11;738;738;1;62;62;1;7
75;12;740;740;1;62;62;1;7
75;13;746;746;1;63;63;1;7
75;14;750;792;43;63;66;4;7
75;15;808;820;13;68;69;2;7
75;16;942;942;1;79;79;1;7
78;1;682;684;3;57;57;1;7
78;2;686;688;3;58;58;1;7
93;1;262;264;3;22;22;1;7
93;2;266;266;1;23;23;1;7
93;3;272;272;1;23;23;1;7
95;1;844;844;1;71;71;1;7
95;2;854;860;7;72;72;1;7
95;3;862;878;17;72;74;3;7
95;4;880;880;1;74;74;1;7
95;5;894;894;1;75;75;1;7
95;6;898;898;1;75;75;1;7
95;7;900;900;1;75;75;1;7
10;1;980;980;1;82;82;1;8
10;2;984;984;1;82;82;1;8
10;3;988;1000;13;83;84;2;8
